Age,ALB,CHE,CHOL,PROT,ALP_faltante,log1p_ALP,log1p_ALT,log1p_AST,log1p_BIL,log1p_CREA,log1p_GGT,Category_0=Blood Donor,Category_0s=suspect Blood Donor,Category_1=Hepatitis,Category_2=Fibrosis,Category_3=Cirrhosis,Sex_f,Sex_m
32,38.5,6.93,3.23,69.0,0,3.979681653901961,2.163323025660538,3.139832617527748,2.1400661634962708,4.672828834461906,2.5726122302071057,1,0,0,0,0,0,1
32,38.5,11.17,4.8,76.5,0,4.26689632742025,2.9444389791664403,3.246490991901174,1.589235205116581,4.31748811353631,2.8094026953624978,1,0,0,0,0,0,1
32,46.9,8.84,5.2,79.3,0,4.3267781604434035,3.616308761279101,3.9815490680767565,1.9600947840472698,4.465908118654584,3.5322256440685598,1,0,0,0,0,0,1
32,43.2,7.33,4.74,75.7,0,3.970291913552122,3.4531571205928664,3.1612467120315646,2.990719731730447,4.394449154672439,3.5496173867804286,1,0,0,0,0,0,1
32,39.2,9.15,4.32,68.7,0,4.318820558770089,3.5145260669691587,3.250374491927572,2.3608540011180215,4.343805421853684,3.4307561839036995,1,0,0,0,0,0,1
32,41.6,9.92,6.05,74.0,0,3.7909846770510898,2.970414465569701,3.0301337002713233,2.5877640352277083,4.718498871295094,4.5217885770490405,1,0,0,0,0,0,1
32,46.3,7.01,4.79,74.5,0,3.744787086052232,2.917770732084279,2.9338568698359038,2.2512917986064953,4.2626798770413155,2.884800712846709,1,0,0,0,0,0,1
32,42.2,5.82,4.6,67.1,0,3.758871825933971,3.6054978451748854,3.4688560301359703,2.8390784635086144,4.700480365792417,3.1135153092103742,1,0,0,0,0,0,1
32,50.9,8.69,4.1,71.3,0,4.197201947661808,3.186352633162641,3.100092288878234,2.066862759472976,4.430816798843313,2.6878474937846906,1,0,0,0,0,0,1
32,42.4,5.46,4.45,69.9,0,4.469350462845557,3.0587070727153796,3.044522437723423,3.5890591188317256,4.406719247264253,2.8273136219290276,1,0,0,0,0,0,1
32,44.3,4.15,3.57,75.4,0,3.975936331171799,3.122364924487357,3.152736022363656,2.9014215940827497,4.3694478524670215,3.2228678461377385,1,0,0,0,0,0,1
33,46.4,7.36,4.3,68.6,0,4.237000862623624,2.424802725718295,3.044522437723423,1.9021075263969205,4.382026634673881,2.9806186357439426,1,0,0,0,0,0,1
33,36.3,8.56,5.38,68.7,0,4.377014092850337,3.202746442938317,3.1354942159291497,2.0794415416798357,4.3694478524670215,3.0155349008501706,1,0,0,0,0,0,1
33,39.0,6.46,3.38,70.4,0,3.9646154555473165,2.8273136219290276,3.2188758248682006,2.0541237336955462,4.189654742026425,2.0794415416798357,1,0,0,0,0,0,1
33,38.7,4.63,4.97,71.9,0,3.708682081410116,3.1570004211501135,3.1780538303479458,1.62924053973028,4.1588830833596715,2.785011242238338,1,0,0,0,0,0,1
33,41.8,8.83,4.43,72.7,0,4.189654742026425,3.529297384289471,3.6635616461296463,2.028148247292285,4.276666119016055,3.2188758248682006,1,0,0,0,0,0,1
33,40.9,6.98,5.22,72.4,0,4.30406509320417,2.9014215940827497,3.173878458937465,2.3978952727983707,4.51085950651685,2.7536607123542622,1,0,0,0,0,0,1
33,45.2,9.78,5.51,76.5,0,4.492001487882454,3.5085558999826545,3.4719664525503626,2.4069451083182885,4.634728988229636,3.901972669574645,1,0,0,0,0,0,1
33,36.6,9.62,5.5,69.3,0,4.062165663857866,3.686376323895818,3.720862499966987,3.254242968705492,4.727387818712341,3.353406717825807,1,0,0,0,0,0,1
33,42.0,7.01,4.05,68.1,0,4.160444363926624,3.5145260669691587,3.580737295494233,2.501435951739211,4.663439094112067,3.0007198150650303,1,0,0,0,0,0,1
33,44.3,7.44,5.59,74.0,0,3.927896354584436,3.4995332823830174,3.1179499062782403,2.6461747973841225,4.6443908991413725,3.4404180948154366,1,0,0,0,0,0,1
33,46.7,9.42,4.62,74.3,0,4.492001487882454,3.1945831322991562,3.214867803470662,2.174751721484161,4.3694478524670215,3.417726683613366,1,0,0,0,0,0,1
34,42.7,10.95,5.06,69.1,0,4.194189897191817,3.8649313978942956,3.4436180975461075,3.1945831322991562,4.330733340286331,4.611152257665639,1,0,0,0,0,0,1
34,43.4,7.99,3.62,69.6,0,3.8522730010223722,4.593097604753822,3.8543938925915096,2.509599262378372,4.276666119016055,3.591817741270805,1,0,0,0,0,0,1
34,40.5,10.5,4.56,72.0,0,3.5085558999826545,3.4210000089583352,3.3357695763397,1.916922612182061,4.5217885770490405,3.3178157727231046,1,0,0,0,0,0,1
34,44.8,10.51,5.59,78.9,0,4.365643155423357,3.634951112088381,3.4657359027997265,3.0204248861443626,4.394449154672439,3.2068032436339315,1,0,0,0,0,0,1
34,42.6,8.15,6.79,67.7,0,3.332204510175204,3.109060958860994,3.122364924487357,2.1041341542702074,4.454347296253507,2.7013612129514133,1,0,0,0,0,0,1
34,29.0,6.82,4.03,53.2,0,3.751854253275325,3.40452517175483,2.8390784635086144,1.7578579175523736,4.143134726391533,2.740840023925201,1,0,0,0,0,0,1
34,44.6,7.6,5.07,71.9,0,4.443827035579329,3.0252910757955354,3.427514689979529,1.916922612182061,4.564348191467836,2.388762789235098,1,0,0,0,0,0,1
34,46.8,10.99,4.6,73.1,0,4.138361447638875,3.2386784521643803,3.2268439945173775,3.1822118404966093,4.430816798843313,3.2108436531709366,1,0,0,0,0,0,1
34,41.8,9.97,5.94,71.3,0,4.341204640153626,3.462606009790799,3.597312260588446,1.9600947840472698,4.499809670330265,3.901972669574645,1,0,0,0,0,0,1
34,46.1,7.7,4.2,78.7,0,4.2710950739666,3.6054978451748854,3.4339872044851463,2.151762203259462,4.543294782270004,2.72785282839839,1,0,0,0,0,0,1
34,43.6,9.14,4.99,69.3,0,4.092676505121403,3.8732821771117156,3.4688560301359703,2.970414465569701,4.564348191467836,3.1441522786722644,1,0,0,0,0,0,1
35,37.5,11.66,5.73,71.0,0,4.259859000699674,3.6402142821326553,3.258096538021482,2.174751721484161,4.442651256490317,3.342861804649192,1,0,0,0,0,0,1
35,42.1,9.3,4.63,73.6,0,4.238444906195857,3.6428355156125294,4.046553898385752,2.4932054526026954,4.605170185988092,2.8791984572980396,1,0,0,0,0,0,1
35,44.7,11.39,7.04,77.1,0,4.385769620952716,3.9982007016691985,3.459466289786131,2.3702437414678603,4.48863636973214,4.360547602996758,1,0,0,0,0,0,1
35,41.5,9.41,4.33,71.3,0,4.754451888703846,3.2228678461377385,3.4468078929142076,1.9021075263969205,4.406719247264253,3.1441522786722644,1,0,0,0,0,0,1
35,48.7,9.4,3.8,75.8,0,4.300002799195291,3.2228678461377385,3.4657359027997265,3.8308129500026027,4.51085950651685,3.044522437723423,1,0,0,0,0,0,1
35,47.3,11.58,5.9,77.8,0,4.534747721691546,3.456316680883235,3.2846635654062037,2.028148247292285,4.418840607796598,3.634951112088381,1,0,0,0,0,0,1
35,44.5,10.12,4.69,67.2,0,4.26689632742025,3.3032169733019514,3.261935314328648,1.8082887711792655,4.418840607796598,3.077312260546414,1,0,0,0,0,0,1
35,47.4,8.1,6.23,74.0,0,4.0163830207523885,2.975529566236472,3.1179499062782403,2.424802725718295,4.204692619390966,3.370738174177447,1,0,0,0,0,0,1
35,51.0,12.32,5.44,77.3,0,4.4272389774954295,3.4111477125153233,3.3250360206965914,2.272125885509337,4.499809670330265,3.258096538021482,1,0,0,0,0,0,1
35,27.8,6.8,4.27,80.7,0,4.605170185988092,3.456316680883235,3.3603753871419,2.341805806147327,4.189654742026425,3.7256934272366524,1,0,0,0,0,0,1
36,46.1,6.61,5.07,79.6,0,4.085976312551584,3.3250360206965914,3.269568939183719,1.9459101490553132,4.276666119016055,2.4423470353692043,1,0,0,0,0,0,1
36,45.5,5.28,4.06,71.6,0,4.070734696582967,3.1570004211501135,3.0204248861443626,2.1400661634962708,4.48863636973214,4.151039905898646,1,0,0,0,0,0,1
36,41.7,12.21,5.63,69.3,0,4.359269647551265,4.650143551630823,3.8691155044168695,2.4336133554004498,4.48863636973214,3.086486636822455,1,0,0,0,0,0,1
36,45.9,5.6,4.89,70.8,0,4.091005660956586,3.4242626545931514,3.3568971227655755,2.5416019934645457,4.543294782270004,3.1822118404966093,1,0,0,0,0,0,1
36,48.7,8.02,7.35,73.4,0,4.189654742026425,2.5257286443082556,2.9444389791664403,2.128231705849268,4.248495242049359,2.7212954278522306,1,0,0,0,0,0,1
36,53.0,8.73,5.81,77.3,0,4.210645017918261,3.7328963395307104,3.186352633162641,2.1400661634962708,4.330733340286331,3.6136169696133895,1,0,0,0,0,0,1
36,47.8,8.26,5.62,76.2,0,4.499809670330265,3.901972669574645,3.673765816303888,2.2617630984737906,4.574710978503383,3.131136910560194,1,0,0,0,0,0,1
36,42.6,10.66,4.38,71.0,0,4.194189897191817,3.6054978451748854,3.3357695763397,2.8154087194227095,4.574710978503383,3.5751506887855933,1,0,0,0,0,0,1
36,42.4,9.46,5.29,73.8,0,3.877431560658527,3.1780538303479458,3.2771447329921766,1.9600947840472698,4.382026634673881,2.917770732084279,1,0,0,0,0,0,1
36,48.9,8.91,5.1,79.9,0,4.428433007488037,2.884800712846709,3.2347491740244907,2.2925347571405443,4.584967478670572,2.760009940032921,1,0,0,0,0,0,1
37,31.4,5.95,5.3,72.3,0,4.672828834461906,2.8678989020441064,2.8903717578961645,1.2237754316221157,4.23410650459726,3.173878458937465,1,0,0,0,0,0,1
37,42.9,9.03,6.8,73.4,0,4.272490747605575,2.8507065015037334,3.2228678461377385,2.8154087194227095,4.543294782270004,4.264087336809195,1,0,0,0,0,0,1
37,44.0,10.41,6.17,76.5,0,4.067315889834181,3.299533727885655,3.242592351485517,2.3702437414678603,4.430816798843313,3.686376323895818,1,0,0,0,0,0,1
37,41.5,5.49,3.97,69.3,0,4.183575695950044,3.2068032436339315,3.4307561839036995,2.33214389523559,4.61512051684126,2.4336133554004498,1,0,0,0,0,0,1
37,47.9,9.76,6.42,80.6,0,4.2456340097683265,3.720862499966987,3.8691155044168695,1.9459101490553132,4.406719247264253,3.1654750481410856,1,0,0,0,0,0,1
37,44.8,9.76,4.12,72.5,0,4.557029810660157,3.502549875922443,3.629660094453965,1.9878743481543455,4.736198448394496,3.2108436531709366,1,0,0,0,0,0,1
37,38.6,6.02,4.63,56.3,0,4.130354999745133,3.242592351485517,3.493472657771326,2.186051276738094,4.290459441148391,2.424802725718295,1,0,0,0,0,0,1
37,51.2,8.62,6.59,76.3,0,4.448516375942715,2.9856819377004897,3.246490991901174,2.388762789235098,4.553876891600541,3.269568939183719,1,0,0,0,0,0,1
37,41.9,8.7,4.36,71.5,0,4.363098624788363,3.254242968705492,3.288401887516811,1.62924053973028,4.442651256490317,2.833213344056216,1,0,0,0,0,0,1
37,46.1,10.86,5.05,73.1,0,3.8133070324889884,3.7773481021015445,3.3141860046725258,2.0014800002101243,4.31748811353631,3.1441522786722644,1,0,0,0,0,0,1
37,50.4,5.78,4.93,75.0,0,3.901972669574645,3.0155349008501706,3.349904087274605,2.533696813957432,4.51085950651685,3.3603753871419,1,0,0,0,0,0,1
37,33.9,8.35,5.4,74.7,0,4.174387269895637,4.529368472571809,3.822098297900159,2.312535423847214,4.564348191467836,3.4436180975461075,1,0,0,0,0,0,1
37,42.9,7.82,5.1,69.3,0,4.139955073474153,4.575741375297279,3.8088822465086327,2.3608540011180215,4.418840607796598,3.505557396986398,1,0,0,0,0,0,1
37,40.8,9.17,4.26,72.0,0,4.786658062033468,2.9014215940827497,3.005682604407159,1.4350845252893227,4.48863636973214,2.6741486494265287,1,0,0,0,0,0,1
37,43.6,8.16,4.88,75.2,0,4.301358731606427,3.9589065913269965,3.7999735016195233,2.6946271807700692,4.2626798770413155,4.5591262474866845,1,0,0,0,0,0,1
37,46.4,8.63,5.9,78.9,0,3.9945242269398897,3.054001181677967,3.254242968705492,2.272125885509337,4.465908118654584,3.190476350346503,1,0,0,0,0,0,1
37,48.7,9.71,4.02,75.1,0,4.147885329150131,3.091042453358316,3.095577608523707,3.758871825933971,4.442651256490317,2.833213344056216,1,0,0,0,0,0,1
38,48.1,8.83,3.87,73.1,0,4.162003210695915,2.5416019934645457,2.7536607123542622,1.8082887711792655,4.454347296253507,2.3513752571634776,1,0,0,0,0,0,1
38,39.9,10.9,7.01,73.1,0,4.157319361383489,4.286341384539473,3.8044377947482086,2.4336133554004498,4.605170185988092,4.492001487882454,1,0,0,0,0,0,1
38,45.5,8.73,5.88,76.1,0,3.9357395320454622,2.8507065015037334,3.169685580677429,2.4765384001174837,4.6443908991413725,2.6946271807700692,1,0,0,0,0,0,1
38,43.4,10.86,5.74,73.9,0,4.092676505121403,3.8437441646748516,3.8437441646748516,2.322387720290225,4.51085950651685,3.4339872044851463,1,0,0,0,0,0,1
38,41.2,5.95,3.91,67.4,0,3.8022081394209395,3.039749158970765,3.068052935133617,2.4069451083182885,4.1588830833596715,4.273884476054178,1,0,0,0,0,0,1
38,44.7,6.9,4.14,70.1,0,4.254193263163997,3.879499813722586,3.586292865338835,2.8735646395797834,4.219507705176107,2.9069010598473755,1,0,0,0,0,0,1
38,42.0,6.1,4.74,66.7,0,3.7773481021015445,3.5779478934066544,3.765840495250065,1.4586150226995167,4.574710978503383,2.747270914255491,1,0,0,0,0,0,1
38,48.4,10.53,7.51,82.6,0,3.8264651170664994,3.1945831322991562,3.139832617527748,2.186051276738094,4.477336814478207,3.7887247890836524,1,0,0,0,0,0,1
38,38.3,11.0,5.46,68.1,0,4.412798293340635,4.203198967134183,3.591817741270805,2.70805020110221,4.394449154672439,3.832979798087693,1,0,0,0,0,0,1
38,40.5,8.47,6.05,75.6,0,4.138361447638875,2.975529566236472,3.246490991901174,2.0412203288596382,4.499809670330265,3.0252910757955354,1,0,0,0,0,0,1
39,45.1,8.57,5.24,71.2,0,4.1728476237100445,3.295836866004329,3.104586678466073,2.33214389523559,4.382026634673881,3.414442608412176,1,0,0,0,0,0,1
39,38.8,10.68,6.26,77.2,0,3.979681653901961,4.012772908528289,3.475067230228611,2.4069451083182885,4.406719247264253,3.481240089335692,1,0,0,0,0,0,1
39,47.0,10.04,6.26,78.4,0,4.212127597878484,3.250374491927572,3.40452517175483,2.4423470353692043,4.30406509320417,3.927896354584436,1,0,0,0,0,0,1
39,36.6,5.7,4.66,66.3,0,4.280824129164719,3.3978584803966405,3.292126286607793,1.9600947840472698,4.356708826689592,3.1612467120315646,1,0,0,0,0,0,1
39,43.9,9.94,4.64,66.2,0,4.511957804265912,4.487512142519859,4.120661870539474,2.2617630984737906,4.59511985013459,4.60816569496789,1,0,0,0,0,0,1
39,43.4,9.68,5.55,75.2,0,3.903990833730882,3.5380565643793527,3.58351893845611,3.1945831322991562,4.30406509320417,3.139832617527748,1,0,0,0,0,0,1
39,36.0,8.43,4.85,70.5,0,3.624340932976365,3.1135153092103742,3.2846635654062037,1.4586150226995167,4.543294782270004,3.1822118404966093,1,0,0,0,0,0,1
39,45.7,9.07,4.41,78.9,0,4.309455941839047,3.8394523125933104,3.5496173867804286,1.791759469228055,4.418840607796598,3.0726933146901194,1,0,0,0,0,0,1
39,37.5,9.3,6.85,73.1,0,4.396915247167632,3.5145260669691587,3.269568939183719,1.308332819650179,4.290459441148391,3.349904087274605,1,0,0,0,0,0,1
39,46.4,9.29,8.89,72.2,0,4.6434288981051814,3.8155121050473024,3.3032169733019514,1.62924053973028,4.6443908991413725,4.174387269895637,1,0,0,0,0,0,1
39,45.8,8.61,4.78,75.5,0,4.151039905898646,3.077312260546414,3.169685580677429,3.8394523125933104,4.356708826689592,2.8273136219290276,1,0,0,0,0,0,1
39,46.1,13.86,8.11,71.1,0,4.35799005684564,3.580737295494233,3.653252276470785,1.62924053973028,4.553876891600541,4.355425952876702,1,0,0,0,0,0,1
40,47.8,9.94,6.09,73.9,0,4.23410650459726,2.917770732084279,3.1484533605716547,2.163323025660538,4.48863636973214,3.190476350346503,1,0,0,0,0,0,1
40,44.5,8.93,4.49,71.2,0,3.8437441646748516,3.292126286607793,3.353406717825807,2.322387720290225,4.477336814478207,2.8903717578961645,1,0,0,0,0,0,1
40,41.4,4.18,6.02,72.5,0,4.22683374526818,4.107589788972121,3.632309102625542,2.1162555148025524,4.343805421853684,4.540098189244376,1,0,0,0,0,0,1
40,45.0,9.1,6.29,74.1,0,4.320151230955794,3.086486636822455,3.40452517175483,2.5649493574615367,4.532599493153256,3.2228678461377385,1,0,0,0,0,0,1
40,39.1,7.87,4.91,68.8,0,4.212127597878484,3.535145354171894,3.5234150143864045,2.760009940032921,4.48863636973214,2.970414465569701,1,0,0,0,0,0,1
40,45.1,11.31,4.74,81.1,0,4.165113633110308,3.703768066607687,3.4781584227982836,3.0301337002713233,4.5217885770490405,2.954910279033736,1,0,0,0,0,0,1
40,45.4,10.27,6.85,76.6,0,3.9871304779149512,3.744787086052232,3.3032169733019514,2.451005098112319,4.418840607796598,3.7184382563554808,1,0,0,0,0,0,1
40,46.9,7.26,5.09,75.3,0,4.139955073474153,3.3463891451671604,3.784189633918261,2.0794415416798357,4.59511985013459,2.7212954278522306,1,0,0,0,0,0,1
41,45.1,7.84,6.23,75.1,0,4.475061500641071,3.2188758248682006,3.214867803470662,2.451005098112319,4.290459441148391,3.591817741270805,1,0,0,0,0,0,1
41,38.5,6.8,4.13,64.1,0,4.1728476237100445,3.563882963939251,3.7932394694381792,2.3608540011180215,4.51085950651685,2.517696472610991,1,0,0,0,0,0,1
41,42.3,7.15,3.29,76.1,0,4.041295341132285,3.0252910757955354,2.990719731730447,2.4765384001174837,4.465908118654584,3.2386784521643803,1,0,0,0,0,0,1
41,46.9,6.39,4.55,71.3,0,4.248495242049359,3.0301337002713233,3.342861804649192,1.9600947840472698,4.290459441148391,3.1179499062782403,1,0,0,0,0,0,1
41,40.2,11.35,5.56,73.3,0,3.8958936234982624,3.6375861597263857,3.580737295494233,2.322387720290225,4.3694478524670215,3.3178157727231046,1,0,0,0,0,0,1
41,53.3,7.96,5.9,83.4,0,4.382026634673881,3.417726683613366,3.3843902633457743,2.714694743820879,4.477336814478207,3.5496173867804286,1,0,0,0,0,0,1
41,44.7,10.34,4.23,72.1,0,4.3294166844015844,3.265759410767051,3.054001181677967,1.9878743481543455,4.31748811353631,3.2068032436339315,1,0,0,0,0,0,1
41,37.4,10.62,5.57,71.9,0,4.33204826486764,3.367295829986474,3.2846635654062037,1.62924053973028,4.430816798843313,2.975529566236472,1,0,0,0,0,0,1
42,45.3,15.43,5.88,72.4,0,4.030694535145645,3.4657359027997265,3.9318256327243257,2.970414465569701,4.430816798843313,2.797281334830153,1,0,0,0,0,0,1
42,44.1,10.83,6.28,73.0,0,3.86702563949741,3.2108436531709366,3.0155349008501706,2.0794415416798357,4.564348191467836,3.0301337002713233,1,0,0,0,0,0,1
42,37.8,9.66,6.15,70.8,0,4.377014092850337,3.9589065913269965,3.490428515390098,2.4069451083182885,4.454347296253507,2.7788192719904172,1,0,0,0,0,0,1
42,46.3,7.95,7.3,71.8,0,4.282206299391671,3.4436180975461075,3.1570004211501135,3.32862668882732,4.48863636973214,3.126760535960395,1,0,0,0,0,0,1
42,46.4,6.59,4.78,73.1,0,3.7999735016195233,2.9806186357439426,3.2308043957334744,1.9878743481543455,4.543294782270004,2.4069451083182885,1,0,0,0,0,0,1
42,38.1,7.26,6.76,72.1,0,4.49647076906475,3.8649313978942956,3.6375861597263857,2.6026896854443837,4.007333185232471,2.9652730660692823,1,0,0,0,0,0,1
42,46.9,7.93,5.62,73.8,0,4.244200317766478,4.779963476361254,3.9180050771056933,3.054001181677967,4.465908118654584,4.3294166844015844,1,0,0,0,0,0,1
42,37.8,7.52,5.07,64.1,0,4.439115601658009,3.269568939183719,3.044522437723423,2.975529566236472,4.6913478822291435,2.91235066461494,1,0,0,0,0,0,1
42,46.2,11.01,8.6,77.5,0,4.072439726834051,3.6000482404073204,3.173878458937465,2.760009940032921,4.394449154672439,4.264087336809195,1,0,0,0,0,0,1
43,37.0,8.42,4.96,68.4,0,4.418840607796598,3.269568939183719,3.3032169733019514,1.8562979903656263,4.382026634673881,2.8273136219290276,1,0,0,0,0,0,1
43,39.7,8.48,5.3,80.3,0,4.844187086458591,3.131136910560194,3.3978584803966405,2.8449093838194073,4.74493212836325,3.109060958860994,1,0,0,0,0,0,1
43,54.4,8.84,5.92,79.3,0,4.60816569496789,3.7184382563554808,3.417726683613366,1.9600947840472698,4.564348191467836,3.1484533605716547,1,0,0,0,0,0,1
43,36.3,8.55,5.27,74.2,0,4.223909766576744,3.391147045808654,3.3638415951183864,1.8718021769015913,4.584967478670572,2.89591193827178,1,0,0,0,0,0,1
43,48.6,7.09,5.405,70.0,0,3.828641396489095,2.4423470353692043,3.7256934272366524,1.840549633397487,4.1588830833596715,3.261935314328648,1,0,0,0,0,0,1
43,42.9,10.2,4.72,71.8,0,3.9454577815143836,3.3105430133940246,3.1354942159291497,2.0014800002101243,4.406719247264253,2.785011242238338,1,0,0,0,0,0,1
43,39.4,11.94,7.84,75.6,0,4.139955073474153,4.02535169073515,3.5115454388310208,2.0918640616783932,4.174387269895637,5.0401940963378005,1,0,0,0,0,0,1
43,41.5,7.36,4.71,72.2,0,4.338597076746545,2.791165107812717,3.100092288878234,1.824549292051046,4.442651256490317,2.631888840136646,1,0,0,0,0,0,1
43,42.8,9.63,9.43,72.9,0,4.355425952876702,4.072439726834051,3.5263605246161616,2.509599262378372,4.290459441148391,3.190476350346503,1,0,0,0,0,0,1
43,43.9,7.7,5.41,75.4,0,3.730501128804756,3.6054978451748854,5.245443876940969,2.272125885509337,4.51085950651685,3.1179499062782403,1,0,0,0,0,0,1
43,41.2,9.64,4.93,74.5,0,4.100989104940769,3.563882963939251,3.2268439945173775,1.62924053973028,4.442651256490317,3.0819099697950434,1,0,0,0,0,0,1
44,44.4,10.28,4.68,76.9,0,4.45318382899021,3.367295829986474,3.299533727885655,3.5524868292083815,4.442651256490317,2.714694743820879,1,0,0,0,0,0,1
44,38.4,9.51,5.12,73.6,0,4.716711560720999,2.9014215940827497,3.456316680883235,1.7227665977411035,4.31748811353631,3.265759410767051,1,0,0,0,0,0,1
44,44.5,7.79,4.59,76.8,0,4.549657476057832,3.349904087274605,3.2771447329921766,1.8562979903656263,4.6913478822291435,2.8735646395797834,1,0,0,0,0,0,1
44,37.4,8.69,6.02,70.9,0,4.670021158307708,2.8449093838194073,3.104586678466073,1.824549292051046,4.219507705176107,2.70805020110221,1,0,0,0,0,0,1
44,35.5,8.81,6.65,68.0,0,4.415219602029645,3.349904087274605,3.417726683613366,2.0014800002101243,4.430816798843313,3.2228678461377385,1,0,0,0,0,0,1
44,44.0,10.28,5.42,75.3,0,4.446174454497633,3.879499813722586,3.475067230228611,1.62924053973028,4.663439094112067,3.5610460826040513,1,0,0,0,0,0,1
44,48.6,11.24,6.68,74.0,0,4.310799125385514,3.92395157629342,3.5115454388310208,3.1612467120315646,4.564348191467836,3.502549875922443,1,0,0,0,0,0,1
44,40.8,7.38,4.46,63.4,0,4.28496492183075,2.9014215940827497,3.091042453358316,1.5040773967762742,4.48863636973214,2.517696472610991,1,0,0,0,0,0,1
44,47.3,10.02,5.85,71.2,0,3.8044377947482086,2.8449093838194073,3.0106208860477417,1.7404661748405046,4.61512051684126,2.766319109226186,1,0,0,0,0,0,1
44,44.6,9.47,4.87,69.2,0,4.005513348515485,3.380994674344636,3.2108436531709366,2.2823823856765264,4.553876891600541,3.104586678466073,1,0,0,0,0,0,1
45,41.4,12.28,7.29,70.6,0,4.162003210695915,3.7471483622379123,3.484312288372662,1.916922612182061,4.418840607796598,4.04305126783455,1,0,0,0,0,0,1
45,46.5,9.82,5.58,76.2,0,4.366912996863833,3.9871304779149512,3.5553480614894135,2.5726122302071057,4.624972813284271,3.580737295494233,1,0,0,0,0,0,1
45,36.2,8.69,5.98,66.6,0,4.640537329825382,4.273884476054178,3.720862499966987,2.740840023925201,4.553876891600541,4.401829261970061,1,0,0,0,0,0,1
45,41.7,8.89,5.31,70.3,0,4.3067641501733345,3.7977338590260183,3.414442608412176,2.0014800002101243,4.276666119016055,4.225372824628505,1,0,0,0,0,0,1
45,43.2,10.93,6.61,74.5,0,4.237000862623624,3.3603753871419,3.768152635008444,2.028148247292285,4.663439094112067,3.339321977944068,1,0,0,0,0,0,1
45,40.3,6.71,4.25,67.2,0,4.180522258463153,2.9856819377004897,3.339321977944068,1.824549292051046,4.31748811353631,3.0301337002713233,1,0,0,0,0,0,1
45,46.4,9.38,6.27,75.5,0,4.356708826689592,4.115779842942166,3.5234150143864045,2.2823823856765264,4.454347296253507,4.407938016458383,1,0,0,0,0,0,1
45,44.3,8.0,5.35,71.3,0,4.283586561860629,2.8273136219290276,2.8507065015037334,2.1162555148025524,4.430816798843313,3.0349529867072724,1,0,0,0,0,0,1
45,45.7,10.88,6.25,78.8,0,4.335982696172475,3.7471483622379123,3.3877743613300146,2.163323025660538,4.605170185988092,4.45898767581001,1,0,0,0,0,0,1
46,42.6,7.0,6.13,73.7,0,4.136765278106052,2.975529566236472,3.109060958860994,2.4159137783010487,4.499809670330265,3.039749158970765,1,0,0,0,0,0,1
46,35.7,8.51,5.85,62.1,0,3.9160150266976834,3.1654750481410856,3.1780538303479458,2.91235066461494,4.477336814478207,2.667228206581955,1,0,0,0,0,0,1
46,39.7,6.3,4.66,67.2,0,3.720862499966987,2.747270914255491,3.1484533605716547,1.840549633397487,4.276666119016055,2.5416019934645457,1,0,0,0,0,0,1
46,37.9,10.1,5.38,67.7,0,4.393213824064446,2.928523523860541,3.0492730404820207,2.617395832834079,4.290459441148391,2.617395832834079,1,0,0,0,0,0,1
46,41.8,10.68,4.72,65.0,0,4.198704577546343,3.449987545831587,3.374168709274236,1.9600947840472698,4.418840607796598,3.250374491927572,1,0,0,0,0,0,1
46,47.7,7.25,5.19,75.2,0,3.9627161197436642,3.0301337002713233,3.126760535960395,1.9878743481543455,4.442651256490317,3.086486636822455,1,0,0,0,0,0,1
46,44.8,10.92,7.42,79.8,0,4.59511985013459,3.7376696182833684,3.4531571205928664,1.6094379124341003,4.5217885770490405,3.3945083935113587,1,0,0,0,0,0,1
46,49.1,7.81,5.02,70.2,0,4.110873864173311,3.0204248861443626,3.068052935133617,1.410986973710262,4.634728988229636,3.0819099697950434,1,0,0,0,0,0,1
46,43.0,7.87,5.35,73.2,0,3.7376696182833684,2.7788192719904172,3.077312260546414,1.8082887711792655,4.442651256490317,2.797281334830153,1,0,0,0,0,0,1
46,45.9,8.73,4.68,68.8,0,4.395682961121367,4.22683374526818,3.629660094453965,1.3609765531356006,4.736198448394496,3.933784497209659,1,0,0,0,0,0,1
46,49.7,6.74,3.71,75.2,0,3.8958936234982624,2.5257286443082556,2.9231615807191558,2.501435951739211,4.672828834461906,2.451005098112319,1,0,0,0,0,0,1
46,37.3,9.74,6.73,69.9,0,4.528289141652134,3.5380565643793527,3.6082115510464816,1.2809338454620642,4.3694478524670215,4.177459468932607,1,0,0,0,0,0,1
46,47.4,10.61,4.95,76.3,0,4.041295341132285,3.5890591188317256,3.5409593240373143,2.4159137783010487,4.574710978503383,3.754198920234579,1,0,0,0,0,0,1
46,51.8,9.97,7.4,80.3,0,4.426043520090656,3.6454498961866,3.40452517175483,2.667228206581955,4.51085950651685,3.4372078191851885,1,0,0,0,0,0,1
47,44.7,7.37,5.1,77.2,0,4.09933210373314,3.3603753871419,3.449987545831587,2.066862759472976,4.624972813284271,3.095577608523707,1,0,0,0,0,0,1
47,41.6,8.59,5.66,72.9,0,4.127134385045092,3.481240089335692,3.2809112157876537,2.1162555148025524,4.248495242049359,3.6913763343125234,1,0,0,0,0,0,1
47,49.5,10.67,5.96,72.4,0,4.333361462692601,3.4210000089583352,3.4011973816621555,2.1162555148025524,4.330733340286331,3.580737295494233,1,0,0,0,0,0,1
47,40.8,6.44,4.86,66.4,0,3.7796338173824005,3.6888794541139363,3.487375077903208,3.1986731175506815,4.574710978503383,3.3603753871419,1,0,0,0,0,0,1
47,48.0,7.09,5.06,68.1,0,4.212127597878484,2.917770732084279,3.186352633162641,2.388762789235098,4.406719247264253,2.766319109226186,1,0,0,0,0,0,1
47,42.1,10.5,5.95,77.5,0,4.414009680526933,3.3105430133940246,3.3105430133940246,1.8718021769015913,4.584967478670572,3.591817741270805,1,0,0,0,0,0,1
47,42.2,10.15,5.15,69.5,0,3.9871304779149512,3.077312260546414,3.3357695763397,2.7013612129514133,4.382026634673881,3.3945083935113587,1,0,0,0,0,0,1
47,48.3,11.09,5.56,73.0,0,4.09933210373314,3.929862923556477,3.487375077903208,2.0918640616783932,4.48863636973214,4.52720864451838,1,0,0,0,0,0,1
47,46.2,7.06,5.23,75.4,0,4.1588830833596715,2.0794415416798357,2.91235066461494,2.0149030205422647,4.110873864173311,3.3178157727231046,1,0,0,0,0,0,1
47,45.3,8.96,4.29,69.1,0,3.9627161197436642,2.9652730660692823,2.884800712846709,2.0918640616783932,4.31748811353631,2.8154087194227095,1,0,0,0,0,0,1
47,36.7,7.38,4.44,68.3,0,3.824284091120139,3.4111477125153233,3.1986731175506815,2.066862759472976,4.477336814478207,3.2347491740244907,1,0,0,0,0,0,1
47,48.0,8.32,6.3,78.0,0,4.050044303325521,3.1780538303479458,3.2846635654062037,2.0149030205422647,4.499809670330265,3.190476350346503,1,0,0,0,0,0,1
47,55.4,8.39,5.25,82.1,0,4.130354999745133,3.2733640101522705,3.5234150143864045,3.3775875160230218,4.574710978503383,2.424802725718295,1,0,0,0,0,0,1
48,42.5,11.92,6.76,81.5,0,4.251348311031766,3.8199077165203406,3.3775875160230218,2.8213788864092133,4.465908118654584,3.7819143200811256,1,0,0,0,0,0,1
48,46.2,6.93,6.29,75.8,0,4.109233174715851,2.747270914255491,3.2846635654062037,1.840549633397487,4.204692619390966,3.1945831322991562,1,0,0,0,0,0,1
48,38.2,7.93,5.36,71.8,0,4.563305981889393,3.4965075614664802,3.414442608412176,3.1135153092103742,4.59511985013459,3.9889840465642745,1,0,0,0,0,0,1
48,43.1,9.82,6.14,74.9,0,4.441474093317302,3.0819099697950434,3.3463891451671604,2.9601050959108397,4.51085950651685,2.856470206220483,1,0,0,0,0,0,1
48,44.7,5.49,5.65,75.0,0,4.050044303325521,3.086486636822455,3.2268439945173775,2.917770732084279,4.31748811353631,3.3843902633457743,1,0,0,0,0,0,1
48,38.8,7.93,4.27,66.8,0,4.5612182984589085,3.3877743613300146,3.5380565643793527,1.8082887711792655,4.477336814478207,2.7536607123542622,1,0,0,0,0,0,1
48,43.4,7.19,6.37,68.9,0,3.742420221041966,2.9652730660692823,3.100092288878234,2.379546134130174,4.394449154672439,2.8213788864092133,1,0,0,0,0,0,1
48,46.0,9.36,5.7,74.1,0,4.079230924412053,3.109060958860994,3.4111477125153233,2.066862759472976,4.430816798843313,3.505557396986398,1,0,0,0,0,0,1
48,45.7,10.81,6.25,74.1,0,4.4942386252808095,4.096009841541162,3.5553480614894135,2.0149030205422647,4.477336814478207,3.6712245188752153,1,0,0,0,0,0,1
48,42.6,15.4,5.07,77.8,0,4.249922794040544,2.9231615807191558,3.3775875160230218,2.163323025660538,4.406719247264253,3.4307561839036995,1,0,0,0,0,0,1
48,46.4,10.07,8.28,83.3,0,4.175924549214524,3.4111477125153233,3.353406717825807,2.653241964607215,4.59511985013459,3.3978584803966405,1,0,0,0,0,0,1
48,50.4,10.87,6.97,72.9,0,3.572345637857985,3.6428355156125294,3.367295829986474,2.9069010598473755,4.74493212836325,3.832979798087693,1,0,0,0,0,0,1
49,39.1,9.19,4.82,69.8,0,4.144720769547168,3.2108436531709366,3.0252910757955354,1.5040773967762742,4.454347296253507,3.0155349008501706,1,0,0,0,0,0,1
49,39.7,7.26,4.98,65.4,0,4.360547602996758,3.054001181677967,2.995732273553991,2.2823823856765264,4.442651256490317,4.324132656254979,1,0,0,0,0,0,1
49,41.2,7.12,5.61,68.7,0,4.574710978503383,3.258096538021482,3.3568971227655755,2.8094026953624978,4.532599493153256,3.6584202466292277,1,0,0,0,0,0,1
49,44.7,10.14,5.68,69.8,0,4.11414718951828,3.572345637857985,3.3843902633457743,2.0918640616783932,4.59511985013459,4.477336814478207,1,0,0,0,0,0,1
49,44.4,11.19,4.49,72.3,0,4.163559631243574,2.6741486494265287,2.856470206220483,2.1162555148025524,4.30406509320417,2.681021528714291,1,0,0,0,0,0,1
49,40.2,7.99,5.31,71.4,0,4.314817884980432,2.9391619220655967,3.202746442938317,2.151762203259462,4.672828834461906,2.8273136219290276,1,0,0,0,0,0,1
49,44.3,8.18,4.65,70.8,0,4.443827035579329,3.4011973816621555,3.4011973816621555,2.8449093838194073,4.477336814478207,3.131136910560194,1,0,0,0,0,0,1
49,47.8,8.76,6.23,79.5,0,4.232656178019613,3.8110970868381857,3.4307561839036995,2.066862759472976,4.605170185988092,3.32862668882732,1,0,0,0,0,0,1
50,40.0,8.7,6.46,71.0,0,4.486386649998124,4.483002552013883,3.9815490680767565,1.7578579175523736,4.343805421853684,5.033700567027251,1,0,0,0,0,0,1
50,46.6,8.27,5.73,76.7,0,4.209160236650682,3.0204248861443626,3.2068032436339315,2.970414465569701,4.532599493153256,2.5726122302071057,1,0,0,0,0,0,1
50,44.3,8.57,5.95,66.6,0,4.42484663185681,3.6788291182604347,3.5234150143864045,2.1162555148025524,4.430816798843313,3.1945831322991562,1,0,0,0,0,0,1
50,45.7,10.79,6.42,74.2,0,4.152613470346076,4.041295341132285,3.2308043957334744,2.624668592163159,4.499809670330265,4.028916756899646,1,0,0,0,0,0,1
50,43.5,8.11,4.55,67.0,0,4.3463994570307305,2.6461747973841225,2.9856819377004897,1.8870696490323797,4.060443010546419,2.8622008809294686,1,0,0,0,0,0,1
50,36.0,7.5,5.75,70.5,0,3.9512437185814275,3.299533727885655,3.4011973816621555,2.0149030205422647,4.219507705176107,4.174387269895637,1,0,0,0,0,0,1
50,35.5,11.23,6.56,73.2,0,4.100989104940769,3.8044377947482086,3.6054978451748854,2.151762203259462,4.672828834461906,3.254242968705492,1,0,0,0,0,0,1
50,40.3,8.11,4.06,69.2,0,4.269697449699962,3.858622228701031,3.505557396986398,2.0541237336955462,4.356708826689592,2.884800712846709,1,0,0,0,0,0,1
50,43.8,7.77,5.8,72.5,0,4.05871738457895,3.417726683613366,3.520460802488973,1.62924053973028,4.290459441148391,4.000033882750859,1,0,0,0,0,0,1
50,43.1,9.45,6.06,68.9,0,4.3134800921387715,2.995732273553991,3.126760535960395,1.3609765531356006,4.5217885770490405,3.535145354171894,1,0,0,0,0,0,1
50,39.7,8.98,5.66,65.8,0,4.579852378003801,4.021773869387265,3.459466289786131,1.4586150226995167,4.418840607796598,3.977810745966149,1,0,0,0,0,0,1
50,42.2,13.71,8.8,73.1,0,4.983606621708336,3.349904087274605,3.6609942506244004,1.7047480922384253,4.6443908991413725,5.480638923341991,1,0,0,0,0,0,1
51,38.0,6.33,4.65,66.4,0,4.021773869387265,3.2108436531709366,3.3877743613300146,2.6741486494265287,4.605170185988092,2.9601050959108397,1,0,0,0,0,0,1
51,36.8,9.49,6.08,64.9,0,4.600157644164547,3.2771447329921766,3.3568971227655755,1.791759469228055,4.499809670330265,2.954910279033736,1,0,0,0,0,0,1
51,47.2,10.14,6.54,71.6,0,4.370712874773608,3.3463891451671604,3.214867803470662,2.2407096892759584,4.465908118654584,3.591817741270805,1,0,0,0,0,0,1
51,42.6,15.4,5.07,77.8,0,4.249922794040544,2.9231615807191558,3.3775875160230218,2.163323025660538,4.406719247264253,3.4307561839036995,1,0,0,0,0,0,1
51,42.0,8.19,4.68,77.1,0,4.446174454497633,2.7536607123542622,3.005682604407159,1.4350845252893227,4.406719247264253,3.086486636822455,1,0,0,0,0,0,1
51,45.9,10.08,5.61,73.0,0,4.215086179918229,3.490428515390098,3.370738174177447,2.302585092994046,4.454347296253507,3.616308761279101,1,0,0,0,0,0,1
51,50.8,11.33,5.93,80.3,0,4.04305126783455,3.5322256440685598,3.5234150143864045,1.9878743481543455,4.543294782270004,3.152736022363656,1,0,0,0,0,0,1
51,46.3,9.99,4.14,73.9,0,4.254193263163997,3.0492730404820207,3.3250360206965914,1.7047480922384253,4.406719247264253,2.5877640352277083,1,0,0,0,0,0,1
52,42.3,8.62,7.2,77.6,0,4.298645025734831,3.879499813722586,3.2108436531709366,1.9459101490553132,4.465908118654584,3.6136169696133895,1,0,0,0,0,0,1
52,42.2,11.91,6.29,72.9,0,4.293195420967266,3.8897773964808264,3.2068032436339315,2.2617630984737906,4.574710978503383,4.151039905898646,1,0,0,0,0,0,1
52,42.150000000000006,8.9,6.09,67.4,0,4.421247347827163,3.6375861597263857,3.2068032436339315,2.174751721484161,4.356708826689592,4.486386649998124,1,0,0,0,0,0,1
52,39.3,8.26,5.35,64.4,0,4.168214410788556,3.077312260546414,3.269568939183719,1.6863989535702288,4.442651256490317,2.990719731730447,1,0,0,0,0,0,1
52,46.8,9.09,6.56,73.3,0,4.460144413937834,2.785011242238338,3.493472657771326,2.424802725718295,4.499809670330265,3.126760535960395,1,0,0,0,0,0,1
52,44.7,10.08,5.0,75.4,0,3.7954891891721947,3.735285826928092,3.8753590210565547,2.4336133554004498,4.31748811353631,3.3141860046725258,1,0,0,0,0,0,1
52,37.2,6.8,4.94,64.2,0,4.312140507209715,3.3978584803966405,3.427514689979529,2.028148247292285,2.1972245773362196,3.2228678461377385,1,0,0,0,0,0,1
52,40.7,10.95,5.22,80.9,0,4.377014092850337,3.7909846770510898,3.3357695763397,2.667228206581955,4.30406509320417,3.4339872044851463,1,0,0,0,0,0,1
52,41.2,8.51,4.97,68.5,0,4.225372824628505,3.0633909220278057,2.9856819377004897,1.667706820558076,4.418840607796598,3.7232808808312687,1,0,0,0,0,0,1
52,46.6,7.7,6.92,79.6,0,4.293195420967266,3.58351893845611,3.7400477406883357,1.7227665977411035,4.394449154672439,3.1135153092103742,1,0,0,0,0,0,1
52,41.0,9.36,6.66,73.6,0,4.133565275375382,3.391147045808654,3.5779478934066544,1.8562979903656263,4.61512051684126,3.3250360206965914,1,0,0,0,0,0,1
52,41.6,9.55,4.5,71.1,0,4.096009841541162,3.3068867021909143,3.2809112157876537,1.3862943611198906,4.553876891600541,3.5263605246161616,1,0,0,0,0,0,1
53,45.3,9.96,7.22,78.6,0,3.9889840465642745,3.703768066607687,3.475067230228611,2.3608540011180215,4.30406509320417,3.7819143200811256,1,0,0,0,0,0,1
53,38.7,8.07,4.6,73.2,0,4.653960350157523,4.21803603456465,3.563882963939251,2.174751721484161,4.672828834461906,4.3134800921387715,1,0,0,0,0,0,1
53,44.5,6.95,5.0,72.0,0,4.130354999745133,2.7343675094195836,2.9496883350525844,2.1972245773362196,4.2626798770413155,2.9601050959108397,1,0,0,0,0,0,1
53,49.0,6.09,4.0,75.8,0,4.465908118654584,3.3978584803966405,3.214867803470662,2.5494451709255714,4.31748811353631,3.543853682063679,1,0,0,0,0,0,1
53,37.8,5.02,4.42,65.2,0,4.596129441335942,3.449987545831587,3.095577608523707,1.6094379124341003,4.553876891600541,3.186352633162641,1,0,0,0,0,0,1
53,44.8,13.8,8.78,75.4,0,4.793308128103486,3.407841924380824,3.077312260546414,1.9459101490553132,4.174387269895637,3.9180050771056933,1,0,0,0,0,0,1
53,40.5,11.14,6.96,71.3,0,4.345103280569283,3.3603753871419,3.1354942159291497,1.9878743481543455,4.51085950651685,3.9908341858524357,1,0,0,0,0,0,1
53,41.7,5.68,5.78,67.9,0,3.835141961092188,3.186352633162641,3.261935314328648,2.468099531471619,4.787491742782046,4.752727750345706,1,0,0,0,0,0,1
53,38.1,9.13,6.28,69.9,0,4.42484663185681,2.1972245773362196,2.917770732084279,1.2237754316221157,4.6443908991413725,3.6054978451748854,1,0,0,0,0,0,1
53,49.2,15.1,6.24,77.8,0,4.28771595520264,3.7796338173824005,3.414442608412176,2.0541237336955462,4.68213122712422,3.8979240810486444,1,0,0,0,0,0,1
54,46.9,8.84,5.2,79.3,0,4.3267781604434035,3.616308761279101,3.9815490680767565,1.9600947840472698,4.465908118654584,3.5322256440685598,1,0,0,0,0,0,1
54,46.0,7.83,6.24,76.8,0,4.26549281841793,2.975529566236472,3.246490991901174,3.2228678461377385,4.343805421853684,3.2308043957334744,1,0,0,0,0,0,1
54,43.0,10.2,5.98,75.9,0,4.219507705176107,3.6136169696133895,3.299533727885655,1.791759469228055,4.663439094112067,3.8372994592322094,1,0,0,0,0,0,1
54,46.4,6.59,7.43,75.2,0,4.33204826486764,4.009149716158869,3.703768066607687,2.451005098112319,4.454347296253507,4.3067641501733345,1,0,0,0,0,0,1
54,40.8,7.1,5.79,67.9,0,4.290459441148391,3.292126286607793,3.407841924380824,2.2512917986064953,4.499809670330265,2.8094026953624978,1,0,0,0,0,0,1
54,41.6,10.37,7.29,72.4,0,4.619073091157083,3.966511190712216,3.6027767550605247,1.667706820558076,4.532599493153256,4.426043520090656,1,0,0,0,0,0,1
55,44.1,7.23,7.3,77.7,0,4.110873864173311,3.3068867021909143,3.292126286607793,1.8082887711792655,4.48863636973214,3.751854253275325,1,0,0,0,0,0,1
55,39.0,8.41,7.73,73.0,0,3.845883202923601,3.1986731175506815,3.100092288878234,1.2237754316221157,4.30406509320417,3.6189933266497696,1,0,0,0,0,0,1
55,42.9,12.86,5.73,70.1,0,4.539030383483547,3.1179499062782403,3.299533727885655,2.128231705849268,4.553876891600541,3.7819143200811256,1,0,0,0,0,0,1
55,40.0,5.98,4.55,66.3,0,3.8264651170664994,2.4159137783010487,2.714694743820879,1.2809338454620642,4.276666119016055,2.2823823856765264,1,0,0,0,0,0,1
55,46.2,7.55,6.33,72.2,0,4.478472532942134,3.634951112088381,3.091042453358316,1.7047480922384253,4.394449154672439,3.4404180948154366,1,0,0,0,0,0,1
55,47.6,9.24,4.63,76.7,0,4.289088639014612,3.288401887516811,3.2386784521643803,1.916922612182061,4.430816798843313,3.40452517175483,1,0,0,0,0,0,1
55,28.1,5.58,4.39,62.4,0,4.197201947661808,2.8678989020441064,2.917770732084279,1.33500106673234,4.189654742026425,3.3032169733019514,1,0,0,0,0,0,1
55,44.7,6.82,4.61,72.7,0,4.28496492183075,3.173878458937465,3.139832617527748,1.8718021769015913,4.663439094112067,4.097672352314776,1,0,0,0,0,0,1
55,41.5,6.35,5.22,69.9,0,4.102643365036796,2.797281334830153,2.8449093838194073,2.0541237336955462,4.394449154672439,2.5952547069568657,1,0,0,0,0,0,1
56,39.9,5.74,6.75,72.5,0,4.157319361383489,3.339321977944068,3.169685580677429,2.163323025660538,4.465908118654584,3.456316680883235,1,0,0,0,0,0,1
56,39.4,10.4,6.61,74.1,0,4.594109238628667,3.374168709274236,3.246490991901174,1.9315214116032138,4.418840607796598,2.9338568698359038,1,0,0,0,0,0,1
56,42.9,7.28,5.37,76.0,0,3.9318256327243257,3.0633909220278057,3.139832617527748,1.8562979903656263,4.51085950651685,3.572345637857985,1,0,0,0,0,0,1
56,37.9,9.9,5.3,67.1,0,3.9160150266976834,2.8678989020441064,2.8154087194227095,1.547562508716013,4.564348191467836,3.0819099697950434,1,0,0,0,0,0,1
56,42.1,8.9,6.4,70.1,0,3.8416005411316,3.4339872044851463,3.3214324131932926,1.9600947840472698,4.276666119016055,3.653252276470785,1,0,0,0,0,0,1
56,40.2,9.69,4.93,71.9,0,3.6402142821326553,3.4372078191851885,3.261935314328648,2.4159137783010487,4.6443908991413725,3.077312260546414,1,0,0,0,0,0,1
56,49.5,8.56,4.69,69.6,0,4.048300623720694,3.139832617527748,3.254242968705492,2.5257286443082556,4.5217885770490405,2.7536607123542622,1,0,0,0,0,0,1
56,45.7,10.62,6.04,74.5,0,3.835141961092188,3.0204248861443626,3.332204510175204,2.33214389523559,4.553876891600541,2.91235066461494,1,0,0,0,0,0,1
57,59.7,12.07,3.97,77.6,0,4.182050142641207,2.9069010598473755,3.100092288878234,2.990719731730447,4.672828834461906,2.7788192719904172,1,0,0,0,0,0,1
57,43.5,6.79,5.99,71.8,0,4.046553898385752,4.117409835153096,3.6454498961866,2.1162555148025524,4.709530201312334,5.226821364842967,1,0,0,0,0,0,1
57,43.3,7.87,4.91,71.3,0,4.475061500641071,3.100092288878234,3.1441522786722644,2.0541237336955462,4.189654742026425,3.005682604407159,1,0,0,0,0,0,1
57,46.4,8.02,5.31,77.5,0,4.395682961121367,3.054001181677967,3.214867803470662,3.005682604407159,4.31748811353631,2.89591193827178,1,0,0,0,0,0,1
58,44.0,12.37,6.33,75.8,0,4.04305126783455,3.4531571205928664,3.5263605246161616,1.7578579175523736,4.31748811353631,4.089332020398556,1,0,0,0,0,0,1
58,46.8,9.51,5.07,72.4,0,4.385769620952716,3.6635616461296463,3.2228678461377385,1.7404661748405046,4.605170185988092,3.173878458937465,1,0,0,0,0,0,1
58,41.3,8.17,5.7,70.1,0,4.092676505121403,2.624668592163159,3.1945831322991562,1.8562979903656263,4.110873864173311,2.468099531471619,1,0,0,0,0,0,1
58,40.9,8.52,6.41,70.9,0,4.039536325727106,2.917770732084279,3.1780538303479458,1.840549633397487,4.543294782270004,2.970414465569701,1,0,0,0,0,0,1
59,45.7,8.2,4.46,78.5,0,4.757032535297338,2.856470206220483,3.2108436531709366,1.547562508716013,4.2626798770413155,2.72785282839839,1,0,0,0,0,0,1
59,45.3,7.97,4.86,74.6,0,4.677490847567717,2.6741486494265287,3.005682604407159,2.066862759472976,4.219507705176107,2.8154087194227095,1,0,0,0,0,0,1
59,41.9,5.6,3.09,69.0,0,4.29592393562047,3.0106208860477417,3.2771447329921766,3.427514689979529,4.3694478524670215,3.339321977944068,1,0,0,0,0,0,1
59,39.8,7.5,3.69,71.9,0,3.919991175077323,3.2733640101522705,3.109060958860994,3.246490991901174,4.465908118654584,2.9806186357439426,1,0,0,0,0,0,1
59,38.4,6.88,6.89,64.5,0,4.130354999745133,2.8273136219290276,3.339321977944068,1.3862943611198906,4.5217885770490405,2.70805020110221,1,0,0,0,0,0,1
59,48.9,8.97,4.33,77.6,0,3.937690752176724,3.2068032436339315,3.370738174177447,2.8213788864092133,4.330733340286331,2.995732273553991,1,0,0,0,0,0,1
59,43.8,10.56,5.47,78.5,0,3.8628327612373745,3.3775875160230218,3.3463891451671604,1.9600947840472698,4.430816798843313,3.0587070727153796,1,0,0,0,0,0,1
59,37.8,7.52,5.07,64.1,0,4.439115601658009,3.269568939183719,3.044522437723423,2.975529566236472,4.6913478822291435,2.91235066461494,1,0,0,0,0,0,1
60,42.2,9.6,5.6,71.6,0,3.9080149840306073,3.7376696182833684,3.5779478934066544,1.5260563034950492,4.59511985013459,4.282206299391671,1,0,0,0,0,0,1
60,46.3,7.05,6.2,66.9,0,4.1059436980654525,3.2347491740244907,3.4468078929142076,2.9444389791664403,4.5217885770490405,2.6946271807700692,1,0,0,0,0,0,1
60,40.4,5.79,5.42,70.0,0,3.86702563949741,2.928523523860541,3.2846635654062037,2.6741486494265287,4.532599493153256,3.005682604407159,1,0,0,0,0,0,1
60,43.4,8.11,5.31,71.5,0,4.283586561860629,2.4159137783010487,2.91235066461494,2.1400661634962708,4.31748811353631,2.6602595372658615,1,0,0,0,0,0,1
60,41.1,10.14,4.65,71.9,0,4.222444564849416,3.912023005428146,3.5667118201397288,2.856470206220483,4.68213122712422,3.2771447329921766,1,0,0,0,0,0,1
60,45.2,5.19,6.01,74.4,0,4.504244267398131,3.6788291182604347,3.339321977944068,2.2617630984737906,4.330733340286331,4.355425952876702,1,0,0,0,0,0,1
61,45.9,10.01,4.95,70.8,0,4.308110951723713,2.89591193827178,3.2308043957334744,1.7578579175523736,4.48863636973214,3.1986731175506815,1,0,0,0,0,0,1
61,43.4,6.89,4.58,74.2,0,4.264087336809195,3.039749158970765,3.2188758248682006,1.5260563034950492,4.174387269895637,3.254242968705492,1,0,0,0,0,0,1
61,34.3,9.03,7.62,76.0,0,4.119037174812473,3.594568774642695,3.3178157727231046,2.785011242238338,4.31748811353631,3.9589065913269965,1,0,0,0,0,0,1
61,44.8,9.38,5.42,79.6,0,4.662495252607361,2.772588722239781,2.9856819377004897,2.0149030205422647,4.248495242049359,3.3032169733019514,1,0,0,0,0,0,1
61,38.9,9.45,5.23,71.4,0,4.102643365036796,3.169685580677429,3.462606009790799,1.9878743481543455,4.564348191467836,3.0587070727153796,1,0,0,0,0,0,1
62,42.1,5.7,5.25,72.0,0,3.9589065913269965,2.5494451709255714,3.126760535960395,1.308332819650179,4.394449154672439,2.631888840136646,1,0,0,0,0,0,1
62,46.6,7.56,5.52,86.5,0,4.59511985013459,3.629660094453965,3.414442608412176,2.0794415416798357,4.2626798770413155,3.1822118404966093,1,0,0,0,0,0,1
62,39.6,7.17,3.81,64.8,0,3.7773481021015445,3.475067230228611,3.462606009790799,2.6741486494265287,4.499809670330265,2.8507065015037334,1,0,0,0,0,0,1
62,44.7,9.94,5.74,77.8,0,4.350277936359301,3.7999735016195233,3.349904087274605,2.066862759472976,4.430816798843313,4.09933210373314,1,0,0,0,0,0,1
63,39.5,6.78,6.18,72.7,0,4.104294893075269,3.3032169733019514,3.2733640101522705,2.5952547069568657,4.3694478524670215,3.1612467120315646,1,0,0,0,0,0,1
63,45.3,8.92,4.69,73.7,0,4.280824129164719,2.8678989020441064,3.2228678461377385,1.9021075263969205,4.406719247264253,3.0349529867072724,1,0,0,0,0,0,1
63,40.8,7.74,6.35,69.3,0,4.321480134805848,3.258096538021482,3.349904087274605,1.8718021769015913,4.68213122712422,3.9396381724611196,1,0,0,0,0,0,1
64,46.0,9.43,6.69,70.7,0,4.3425058765115985,3.5779478934066544,3.4531571205928664,2.468099531471619,4.406719247264253,4.001863709427935,1,0,0,0,0,0,1
64,40.1,9.65,6.37,66.0,0,4.215086179918229,2.9601050959108397,3.1570004211501135,1.9021075263969205,4.30406509320417,3.0007198150650303,1,0,0,0,0,0,1
64,35.1,7.99,6.47,68.7,0,4.297285406218791,3.339321977944068,3.449987545831587,3.0819099697950434,4.5217885770490405,3.616308761279101,1,0,0,0,0,0,1
64,44.5,9.49,7.7,74.3,0,4.486386649998124,2.7788192719904172,3.186352633162641,2.5877640352277083,4.3694478524670215,3.044522437723423,1,0,0,0,0,0,1
65,41.0,7.46,5.84,68.2,0,4.416428061391214,3.3638415951183864,3.202746442938317,2.312535423847214,4.3694478524670215,3.100092288878234,1,0,0,0,0,0,1
65,43.1,9.6,4.03,71.5,0,4.186619838331271,3.7864597824528,3.6000482404073204,2.3513752571634776,4.3694478524670215,3.131136910560194,1,0,0,0,0,0,1
65,34.8,8.39,5.91,77.0,0,4.207673247529104,3.9684033388642534,3.6506582412937387,2.028148247292285,4.290459441148391,4.73444252169223,1,0,0,0,0,0,1
65,44.7,7.15,6.31,75.7,0,4.609162207257629,3.493472657771326,3.449987545831587,2.580216829592325,4.418840607796598,3.676300671907076,1,0,0,0,0,0,1
65,39.1,7.0,6.23,64.3,0,3.845883202923601,3.1822118404966093,3.349904087274605,2.0014800002101243,4.30406509320417,3.3357695763397,1,0,0,0,0,0,1
65,43.6,8.23,4.69,75.5,0,4.653960350157523,3.505557396986398,3.5610460826040513,2.163323025660538,4.499809670330265,3.0819099697950434,1,0,0,0,0,0,1
66,48.4,8.81,4.17,76.7,0,4.343805421853684,3.493472657771326,3.4210000089583352,2.6946271807700692,4.718498871295094,3.3032169733019514,1,0,0,0,0,0,1
66,40.6,10.88,5.48,71.8,0,4.389498649512583,3.332204510175204,3.367295829986474,2.4069451083182885,4.343805421853684,3.427514689979529,1,0,0,0,0,0,1
66,32.6,9.4,6.8,73.1,0,4.08260930600368,3.0587070727153796,3.342861804649192,2.341805806147327,4.48863636973214,3.242592351485517,1,0,0,0,0,0,1
66,41.0,9.36,6.66,73.6,0,4.133565275375382,3.391147045808654,3.5779478934066544,1.8562979903656263,4.61512051684126,3.3250360206965914,1,0,0,0,0,0,1
67,44.8,7.84,7.02,67.5,0,4.301358731606427,3.6988297849671046,3.380994674344636,3.190476350346503,4.584967478670572,4.373238128640803,1,0,0,0,0,0,1
67,44.4,8.85,6.43,74.8,0,4.471638793363569,3.265759410767051,3.342861804649192,2.312535423847214,4.48863636973214,4.359269647551265,1,0,0,0,0,0,1
67,38.7,7.95,5.53,70.4,0,4.440295542797857,3.0155349008501706,3.288401887516811,2.272125885509337,4.61512051684126,2.8678989020441064,1,0,0,0,0,0,1
68,42.9,8.39,6.64,75.5,0,4.278054044290903,2.772588722239781,3.5779478934066544,2.33214389523559,4.499809670330265,2.740840023925201,1,0,0,0,0,0,1
68,39.3,10.51,4.15,74.2,0,4.3528552573736015,3.0301337002713233,3.242592351485517,1.9878743481543455,4.31748811353631,3.370738174177447,1,0,0,0,0,0,1
70,27.8,6.06,3.96,56.9,0,4.462453883786496,3.2733640101522705,3.686376323895818,1.6486586255873816,4.1588830833596715,3.8501476017100584,1,0,0,0,0,0,1
70,41.0,6.03,4.74,73.7,0,4.1666652238017265,2.884800712846709,3.1179499062782403,1.9315214116032138,4.430816798843313,2.6741486494265287,1,0,0,0,0,0,1
71,39.0,10.3,6.31,69.8,0,4.487512142519859,3.299533727885655,3.4995332823830174,2.580216829592325,4.51085950651685,4.612145799724517,1,0,0,0,0,0,1
76,29.2,4.52,2.79,58.1,0,3.910021002757473,3.265759410767051,3.339321977944068,2.2300144001592104,4.852030263919617,2.9601050959108397,1,0,0,0,0,0,1
76,38.0,4.83,5.56,73.8,0,4.585987366571318,3.3877743613300146,3.529297384289471,2.714694743820879,4.51085950651685,4.775756486563625,1,0,0,0,0,0,1
77,52.2,5.51,4.41,67.2,0,3.9740583963475986,2.5649493574615367,3.1986731175506815,2.4765384001174837,4.6443908991413725,3.288401887516811,1,0,0,0,0,0,1
32,39.9,8.16,4.37,72.5,0,3.5890591188317256,3.1354942159291497,3.427514689979529,1.9878743481543455,4.110873864173311,1.7047480922384253,1,0,0,0,0,1,0
32,47.4,10.19,5.405,72.2,0,3.979681653901961,3.0007198150650303,2.89591193827178,1.7227665977411035,4.1588830833596715,3.1780538303479458,1,0,0,0,0,1,0
32,41.1,6.08,3.75,68.9,0,3.7796338173824005,2.4069451083182885,2.714694743820879,3.186352633162641,3.9889840465642745,2.33214389523559,1,0,0,0,0,1,0
32,43.5,7.14,4.38,76.1,0,4.207673247529104,2.322387720290225,2.9338568698359038,1.9021075263969205,4.276666119016055,3.8199077165203406,1,0,0,0,0,1,0
33,36.0,8.61,5.26,66.1,0,4.363098624788363,2.760009940032921,3.1354942159291497,1.6863989535702288,4.204692619390966,2.6461747973841225,1,0,0,0,0,1,0
33,36.9,7.0,5.02,72.0,0,3.9646154555473165,2.91235066461494,3.1354942159291497,2.2300144001592104,3.970291913552122,3.0007198150650303,1,0,0,0,0,1,0
33,44.3,6.49,3.34,73.8,0,4.31748811353631,3.9259259105971376,3.975936331171799,2.2512917986064953,4.30406509320417,3.822098297900159,1,0,0,0,0,1,0
33,38.1,6.09,5.22,72.0,0,3.5890591188317256,2.5572273113676265,2.9601050959108397,1.3862943611198906,4.343805421853684,2.797281334830153,1,0,0,0,0,1,0
33,41.0,8.36,4.93,70.5,0,4.128745988939433,3.332204510175204,3.367295829986474,1.9459101490553132,4.2626798770413155,3.246490991901174,1,0,0,0,0,1,0
33,38.2,8.67,5.69,66.9,0,4.014579593753238,2.9069010598473755,3.100092288878234,2.0918640616783932,4.23410650459726,3.4995332823830174,1,0,0,0,0,1,0
33,47.6,7.84,5.57,75.0,0,4.56954300834494,2.9856819377004897,3.1441522786722644,1.2237754316221157,4.276666119016055,2.884800712846709,1,0,0,0,0,1,0
33,42.4,8.23,5.405,74.4,0,4.92870191133357,2.7212954278522306,2.6461747973841225,1.4816045409242156,3.8918202981106265,3.2846635654062037,1,0,0,0,0,1,0
33,45.9,7.32,4.25,78.3,0,4.290459441148391,3.6584202466292277,3.5409593240373143,2.928523523860541,4.406719247264253,3.1135153092103742,1,0,0,0,0,1,0
33,35.4,6.0,4.48,71.5,0,3.9982007016691985,2.379546134130174,2.9231615807191558,1.5686159179138452,4.3694478524670215,2.1972245773362196,1,0,0,0,0,1,0
33,38.5,7.23,3.92,73.3,0,4.421247347827163,2.5572273113676265,2.8903717578961645,2.1162555148025524,3.9318256327243257,2.0794415416798357,1,0,0,0,0,1,0
33,41.2,7.4,3.22,69.9,0,4.3054155323020415,2.72785282839839,3.0819099697950434,2.4932054526026954,4.04305126783455,2.517696472610991,1,0,0,0,0,1,0
33,40.6,7.75,6.36,71.4,0,4.3134800921387715,2.6100697927420065,2.8507065015037334,1.410986973710262,4.219507705176107,3.0204248861443626,1,0,0,0,0,1,0
34,37.3,3.9,4.94,70.7,0,3.6189933266497696,3.039749158970765,3.391147045808654,1.5686159179138452,4.465908118654584,1.7749523509116738,1,0,0,0,0,1,0
34,41.9,7.66,4.61,71.9,0,3.879499813722586,3.0819099697950434,3.3843902633457743,2.1972245773362196,4.584967478670572,2.501435951739211,1,0,0,0,0,1,0
34,36.3,7.41,5.17,64.2,0,4.162003210695915,3.109060958860994,3.0633909220278057,1.7227665977411035,4.330733340286331,2.9806186357439426,1,0,0,0,0,1,0
34,36.2,9.82,5.59,74.3,0,4.275276264727001,2.72785282839839,3.1179499062782403,1.547562508716013,4.189654742026425,3.3463891451671604,1,0,0,0,0,1,0
34,46.5,9.05,6.28,80.6,0,3.975936331171799,3.449987545831587,3.505557396986398,1.9021075263969205,4.51085950651685,2.970414465569701,1,0,0,0,0,1,0
34,45.5,8.45,5.1,79.7,0,4.355425952876702,2.91235066461494,2.975529566236472,1.4350845252893227,3.9889840465642745,3.288401887516811,1,0,0,0,0,1,0
34,39.7,5.27,4.68,71.5,0,3.696351468952637,2.501435951739211,2.856470206220483,2.2407096892759584,4.127134385045092,3.2308043957334744,1,0,0,0,0,1,0
35,41.0,10.34,5.9,76.1,0,4.152613470346076,3.3638415951183864,2.5649493574615367,2.624668592163159,4.3694478524670215,3.169685580677429,1,0,0,0,0,1,0
35,40.5,9.38,4.13,69.9,0,4.29592393562047,2.740840023925201,2.9391619220655967,1.916922612182061,4.330733340286331,2.9338568698359038,1,0,0,0,0,1,0
35,43.4,10.03,5.07,72.8,0,4.152613470346076,3.005682604407159,3.1354942159291497,1.3862943611198906,4.174387269895637,2.5952547069568657,1,0,0,0,0,1,0
35,45.6,6.94,4.69,70.4,0,3.6686767467964168,3.1354942159291497,3.131136910560194,1.3862943611198906,4.174387269895637,2.91235066461494,1,0,0,0,0,1,0
35,62.9,6.33,4.62,71.9,0,3.955082494888593,3.077312260546414,3.1780538303479458,1.3609765531356006,4.219507705176107,2.785011242238338,1,0,0,0,0,1,0
35,42.0,7.85,4.43,64.1,0,4.248495242049359,3.039749158970765,2.8678989020441064,2.468099531471619,4.219507705176107,2.7788192719904172,1,0,0,0,0,1,0
35,38.0,8.63,4.91,71.8,0,3.9569963710708773,2.9601050959108397,2.791165107812717,1.589235205116581,4.127134385045092,2.8449093838194073,1,0,0,0,0,1,0
35,46.9,8.27,5.7,80.7,0,3.9473901492654373,3.594568774642695,3.139832617527748,2.6461747973841225,4.564348191467836,3.6454498961866,1,0,0,0,0,1,0
35,46.1,8.41,4.79,79.3,0,4.49647076906475,3.1822118404966093,3.044522437723423,2.163323025660538,4.31748811353631,3.370738174177447,1,0,0,0,0,1,0
35,44.7,8.02,5.73,76.4,0,4.4331949212482815,3.269568939183719,3.1612467120315646,1.589235205116581,4.23410650459726,2.468099531471619,1,0,0,0,0,1,0
36,46.4,6.5,5.62,75.5,0,4.249922794040544,2.928523523860541,3.2308043957334744,2.028148247292285,4.219507705176107,2.970414465569701,1,0,0,0,0,1,0
36,39.7,9.0,4.18,78.5,0,3.970291913552122,3.711130063048756,3.5409593240373143,1.3609765531356006,4.356708826689592,3.332204510175204,1,0,0,0,0,1,0
36,39.9,7.6,5.51,81.0,0,4.0943445622221,2.509599262378372,3.0633909220278057,2.341805806147327,4.248495242049359,2.833213344056216,1,0,0,0,0,1,0
36,42.7,6.63,5.05,72.8,0,4.027135812528651,2.5952547069568657,2.833213344056216,2.0541237336955462,4.330733340286331,2.4336133554004498,1,0,0,0,0,1,0
37,39.2,5.96,5.8,70.7,0,4.079230924412053,2.5649493574615367,3.091042453358316,1.840549633397487,4.290459441148391,2.8094026953624978,1,0,0,0,0,1,0
37,42.1,8.29,4.36,73.4,0,3.8815637979434374,2.9601050959108397,3.122364924487357,1.33500106673234,4.430816798843313,3.3978584803966405,1,0,0,0,0,1,0
37,40.5,5.4,3.95,69.0,0,3.877431560658527,2.791165107812717,3.0155349008501706,1.7749523509116738,4.343805421853684,2.0918640616783932,1,0,0,0,0,1,0
38,40.0,5.23,5.52,71.0,0,4.310799125385514,2.8678989020441064,3.005682604407159,2.2300144001592104,4.007333185232471,3.2188758248682006,1,0,0,0,0,1,0
38,48.5,11.07,6.06,77.3,0,4.046553898385752,3.6109179126442243,3.3638415951183864,2.791165107812717,4.248495242049359,3.1986731175506815,1,0,0,0,0,1,0
38,50.3,10.02,3.97,77.3,0,4.533674184283021,3.716008121502189,3.462606009790799,1.6486586255873816,4.61512051684126,3.449987545831587,1,0,0,0,0,1,0
38,41.2,7.86,3.61,66.6,0,4.141546163706395,3.0155349008501706,3.173878458937465,2.4423470353692043,4.454347296253507,3.0204248861443626,1,0,0,0,0,1,0
38,40.3,7.52,5.73,74.0,0,4.4796069630127455,3.109060958860994,3.214867803470662,1.8718021769015913,4.248495242049359,3.0492730404820207,1,0,0,0,0,1,0
38,40.0,8.33,4.58,68.1,0,4.385769620952716,2.5572273113676265,3.1354942159291497,2.0149030205422647,4.110873864173311,2.6878474937846906,1,0,0,0,0,1,0
39,31.4,5.95,5.3,72.3,0,4.672828834461906,2.8678989020441064,2.8903717578961645,1.2237754316221157,4.23410650459726,3.173878458937465,1,0,0,0,0,1,0
39,46.4,7.9,4.55,77.3,0,4.097672352314776,2.714694743820879,2.990719731730447,1.7047480922384253,4.127134385045092,2.740840023925201,1,0,0,0,0,1,0
40,41.7,4.8,5.32,73.5,0,4.030694535145645,2.5952547069568657,3.1986731175506815,2.2192034840549946,4.330733340286331,2.451005098112319,1,0,0,0,0,1,0
40,41.6,7.61,4.57,73.1,0,4.117409835153096,2.7536607123542622,2.8507065015037334,1.9021075263969205,4.290459441148391,2.379546134130174,1,0,0,0,0,1,0
40,43.2,7.56,6.74,73.2,0,3.770459441106359,2.8154087194227095,3.202746442938317,2.3702437414678603,4.48863636973214,2.5257286443082556,1,0,0,0,0,1,0
40,42.9,8.29,5.25,73.9,0,4.019980146933238,3.8543938925915096,3.520460802488973,2.5494451709255714,4.663439094112067,3.3638415951183864,1,0,0,0,0,1,0
40,39.9,6.49,4.92,72.8,0,3.9357395320454622,2.766319109226186,3.0633909220278057,1.8082887711792655,4.23410650459726,3.2228678461377385,1,0,0,0,0,1,0
41,40.4,8.95,6.01,73.0,0,4.33990170837321,3.2308043957334744,3.265759410767051,1.9459101490553132,4.174387269895637,2.8213788864092133,1,0,0,0,0,1,0
41,42.4,6.68,4.24,71.9,0,3.9569963710708773,2.8507065015037334,2.9601050959108397,1.6094379124341003,4.189654742026425,2.89591193827178,1,0,0,0,0,1,0
41,39.3,6.57,4.33,77.1,0,4.232656178019613,2.9231615807191558,3.1945831322991562,1.547562508716013,4.276666119016055,4.127134385045092,1,0,0,0,0,1,0
41,46.2,4.55,5.18,73.7,0,3.8979240810486444,2.8213788864092133,2.8678989020441064,1.667706820558076,4.219507705176107,2.6390573296152584,1,0,0,0,0,1,0
41,39.8,7.41,5.02,65.5,0,4.232656178019613,3.0155349008501706,3.0204248861443626,2.580216829592325,4.174387269895637,3.342861804649192,1,0,0,0,0,1,0
42,43.4,6.43,4.43,82.3,0,4.007333185232471,2.509599262378372,3.104586678466073,1.0296194171811581,4.007333185232471,2.975529566236472,1,0,0,0,0,1,0
42,38.7,8.18,4.87,72.1,0,4.175924549214524,3.6082115510464816,3.3603753871419,1.9459101490553132,4.174387269895637,2.785011242238338,1,0,0,0,0,1,0
43,37.6,8.37,4.49,67.1,0,4.35799005684564,2.2300144001592104,2.8273136219290276,2.6026896854443837,4.30406509320417,4.247065649239764,1,0,0,0,0,1,0
43,44.1,7.52,6.05,73.2,0,3.7471483622379123,2.9231615807191558,3.0349529867072724,2.128231705849268,4.248495242049359,3.104586678466073,1,0,0,0,0,1,0
43,41.2,6.15,5.44,70.9,0,3.6686767467964168,2.975529566236472,3.068052935133617,2.33214389523559,4.174387269895637,2.3702437414678603,1,0,0,0,0,1,0
43,39.0,12.8,9.03,73.1,0,4.432006566978902,3.104586678466073,2.9856819377004897,1.5040773967762742,4.07753744390572,3.1654750481410856,1,0,0,0,0,1,0
43,39.0,7.01,4.94,74.4,0,4.1588830833596715,2.1162555148025524,2.917770732084279,2.0014800002101243,4.30406509320417,2.747270914255491,1,0,0,0,0,1,0
43,34.7,7.18,5.55,68.2,0,4.403054001865957,3.332204510175204,3.3638415951183864,1.547562508716013,4.23410650459726,2.322387720290225,1,0,0,0,0,1,0
43,44.8,8.7,6.08,72.8,0,4.091005660956586,3.1780538303479458,3.4372078191851885,2.028148247292285,4.2626798770413155,2.4336133554004498,1,0,0,0,0,1,0
43,33.7,7.91,5.37,68.4,0,4.069026754237811,2.7788192719904172,3.250374491927572,2.066862759472976,4.276666119016055,3.8501476017100584,1,0,0,0,0,1,0
43,47.8,4.31,3.96,70.7,0,3.735285826928092,2.631888840136646,2.9014215940827497,1.8718021769015913,4.343805421853684,2.4336133554004498,1,0,0,0,0,1,0
44,37.4,6.7,4.45,66.3,0,3.3978584803966405,2.8791984572980396,3.288401887516811,1.410986973710262,3.9318256327243257,2.322387720290225,1,0,0,0,0,1,0
44,45.6,10.36,6.68,74.4,0,4.070734696582967,3.091042453358316,3.0007198150650303,1.547562508716013,4.31748811353631,3.0819099697950434,1,0,0,0,0,1,0
44,35.5,6.71,5.29,65.2,0,4.110873864173311,2.6878474937846906,2.772588722239781,2.312535423847214,4.174387269895637,2.128231705849268,1,0,0,0,0,1,0
44,44.0,6.23,4.72,70.5,0,4.467056883858457,2.8094026953624978,3.299533727885655,2.151762203259462,4.248495242049359,2.5494451709255714,1,0,0,0,0,1,0
44,48.3,7.49,5.04,77.5,0,4.647271362006727,3.6428355156125294,3.7495040759303713,2.0794415416798357,4.143134726391533,2.9338568698359038,1,0,0,0,0,1,0
44,35.8,10.19,6.13,69.4,0,4.200204952921578,3.100092288878234,3.005682604407159,1.667706820558076,4.127134385045092,3.0252910757955354,1,0,0,0,0,1,0
44,43.0,8.45,5.9,72.7,0,4.471638793363569,2.9601050959108397,3.258096538021482,1.1631508098056809,4.1588830833596715,2.681021528714291,1,0,0,0,0,1,0
44,36.3,6.8,4.27,68.0,0,4.3489867805956814,2.89591193827178,3.0819099697950434,1.7227665977411035,4.31748811353631,2.72785282839839,1,0,0,0,0,1,0
44,35.5,7.56,4.43,67.7,0,4.276666119016055,2.8213788864092133,3.4339872044851463,1.547562508716013,3.9889840465642745,2.9338568698359038,1,0,0,0,0,1,0
45,36.7,6.91,5.42,67.5,0,4.023564380161053,3.2771447329921766,3.269568939183719,1.9021075263969205,4.290459441148391,2.6878474937846906,1,0,0,0,0,1,0
45,39.5,8.32,5.38,72.2,0,4.534747721691546,2.9806186357439426,3.0155349008501706,1.5040773967762742,4.454347296253507,2.8213788864092133,1,0,0,0,0,1,0
45,38.6,6.92,5.48,69.9,0,4.04305126783455,3.0726933146901194,3.1135153092103742,2.714694743820879,4.248495242049359,2.766319109226186,1,0,0,0,0,1,0
45,41.7,4.38,5.05,70.5,0,4.14946386144318,2.8273136219290276,2.8791984572980396,1.547562508716013,4.51085950651685,2.3978952727983707,1,0,0,0,0,1,0
45,41.8,10.25,4.56,68.4,0,4.483002552013883,3.6402142821326553,3.2809112157876537,2.424802725718295,4.465908118654584,4.535820107853298,1,0,0,0,0,1,0
45,46.4,8.77,2.86,77.1,0,3.914021008090819,2.766319109226186,3.2771447329921766,2.4849066497880004,4.553876891600541,2.5649493574615367,1,0,0,0,0,1,0
45,37.5,6.95,5.29,70.1,0,4.012772908528289,2.631888840136646,2.760009940032921,1.9315214116032138,4.204692619390966,3.919991175077323,1,0,0,0,0,1,0
45,37.0,6.6,4.73,69.6,0,4.37197629882038,3.039749158970765,3.0007198150650303,1.667706820558076,4.174387269895637,3.490428515390098,1,0,0,0,0,1,0
45,59.8,5.62,6.42,66.6,0,4.107589788972121,2.653241964607215,2.91235066461494,2.066862759472976,4.2626798770413155,2.5877640352277083,1,0,0,0,0,1,0
46,48.8,10.57,5.88,72.4,0,4.209160236650682,3.0301337002713233,3.202746442938317,1.667706820558076,4.3694478524670215,3.2268439945173775,1,0,0,0,0,1,0
46,36.7,6.17,4.07,69.0,0,4.147885329150131,2.468099531471619,2.91235066461494,1.547562508716013,4.219507705176107,2.7788192719904172,1,0,0,0,0,1,0
46,35.8,8.5,5.85,71.5,0,3.9473901492654373,2.975529566236472,3.265759410767051,1.5686159179138452,4.007333185232471,2.4069451083182885,1,0,0,0,0,1,0
46,39.9,5.95,6.94,69.5,0,4.280824129164719,2.797281334830153,3.417726683613366,1.7227665977411035,4.290459441148391,2.667228206581955,1,0,0,0,0,1,0
46,32.4,8.22,5.19,72.0,0,4.051784947803305,3.2108436531709366,3.250374491927572,2.0014800002101243,4.174387269895637,2.4849066497880004,1,0,0,0,0,1,0
46,40.1,8.41,6.03,76.4,0,4.264087336809195,2.8154087194227095,3.2108436531709366,1.9459101490553132,4.465908118654584,2.4849066497880004,1,0,0,0,0,1,0
46,39.9,6.93,5.11,64.7,0,4.316153890523174,2.70805020110221,2.9014215940827497,2.8507065015037334,4.276666119016055,2.617395832834079,1,0,0,0,0,1,0
46,42.9,8.37,5.405,71.9,0,4.027135812528651,2.785011242238338,3.427514689979529,1.5260563034950492,4.127134385045092,3.4011973816621555,1,0,0,0,0,1,0
46,41.1,7.55,4.42,69.8,0,3.8815637979434374,3.091042453358316,2.928523523860541,2.0918640616783932,4.143134726391533,2.5572273113676265,1,0,0,0,0,1,0
46,42.3,8.8,7.09,75.2,0,4.141546163706395,3.044522437723423,3.126760535960395,2.3702437414678603,4.219507705176107,3.58351893845611,1,0,0,0,0,1,0
46,37.9,6.06,5.3,70.0,0,4.102643365036796,3.5263605246161616,3.258096538021482,1.547562508716013,4.532599493153256,3.8044377947482086,1,0,0,0,0,1,0
46,36.8,9.6,4.83,72.7,0,4.73795129722191,3.4719664525503626,3.250374491927572,1.5686159179138452,4.3694478524670215,3.039749158970765,1,0,0,0,0,1,0
46,51.3,7.1,5.62,77.1,0,4.443827035579329,3.728100167267218,3.7977338590260183,2.322387720290225,4.143134726391533,4.3294166844015844,1,0,0,0,0,1,0
47,35.6,4.32,5.59,66.0,0,3.6506582412937387,2.9231615807191558,2.9444389791664403,1.7404661748405046,4.330733340286331,2.6390573296152584,1,0,0,0,0,1,0
47,38.7,5.35,4.6,67.8,0,3.7932394694381792,2.5726122302071057,3.0155349008501706,1.3862943611198906,4.04305126783455,2.8154087194227095,1,0,0,0,0,1,0
47,36.4,4.97,5.47,67.0,0,3.7612001156935624,2.4932054526026954,2.9601050959108397,2.1041341542702074,4.31748811353631,2.186051276738094,1,0,0,0,0,1,0
47,34.6,6.5,5.1,67.7,0,4.009149716158869,2.4159137783010487,2.791165107812717,2.2407096892759584,4.343805421853684,2.451005098112319,1,0,0,0,0,1,0
47,40.3,7.16,4.55,66.2,0,4.189654742026425,2.6741486494265287,2.785011242238338,2.0014800002101243,4.2626798770413155,2.8622008809294686,1,0,0,0,0,1,0
48,45.6,9.77,5.405,75.1,0,4.6839813664123815,3.2347491740244907,3.6888794541139363,2.6946271807700692,4.48863636973214,3.6635616461296463,1,0,0,0,0,1,0
48,35.2,6.83,4.35,72.1,0,3.8372994592322094,3.1945831322991562,3.3357695763397,1.7749523509116738,4.2626798770413155,2.5494451709255714,1,0,0,0,0,1,0
48,39.2,9.17,6.66,71.7,0,3.9512437185814275,2.791165107812717,2.9652730660692823,2.151762203259462,4.2626798770413155,2.8449093838194073,1,0,0,0,0,1,0
48,32.0,4.72,5.23,65.6,0,4.209160236650682,2.7212954278522306,3.104586678466073,1.8718021769015913,3.7376696182833684,2.9014215940827497,1,0,0,0,0,1,0
48,46.3,9.41,5.84,77.4,0,4.28771595520264,3.1780538303479458,3.265759410767051,2.4932054526026954,4.454347296253507,3.0007198150650303,1,0,0,0,0,1,0
48,45.3,7.48,4.64,70.6,0,3.728100167267218,2.970414465569701,3.3568971227655755,1.9021075263969205,4.204692619390966,3.0252910757955354,1,0,0,0,0,1,0
48,37.5,9.28,4.68,67.9,0,4.492001487882454,2.7536607123542622,3.0252910757955354,1.8562979903656263,4.127134385045092,2.5877640352277083,1,0,0,0,0,1,0
48,39.6,8.8,6.14,75.8,0,4.203198967134183,4.178992036282385,3.7013019741124933,1.33500106673234,4.356708826689592,3.2228678461377385,1,0,0,0,0,1,0
48,43.7,8.15,5.38,73.1,0,3.933784497209659,2.9069010598473755,3.3068867021909143,2.2082744135228043,4.174387269895637,2.667228206581955,1,0,0,0,0,1,0
48,46.8,12.41,5.405,72.4,0,4.546481189639412,2.3978952727983707,3.186352633162641,1.667706820558076,3.970291913552122,3.214867803470662,1,0,0,0,0,1,0
48,42.5,4.01,5.58,74.2,0,4.146304301152812,2.5726122302071057,3.0492730404820207,3.1822118404966093,4.219507705176107,2.6390573296152584,1,0,0,0,0,1,0
48,44.4,9.06,6.78,73.1,0,3.979681653901961,2.856470206220483,3.1945831322991562,1.7047480922384253,4.31748811353631,2.424802725718295,1,0,0,0,0,1,0
48,44.4,4.93,4.05,71.2,0,4.182050142641207,2.9014215940827497,3.095577608523707,2.9069010598473755,4.219507705176107,2.5726122302071057,1,0,0,0,0,1,0
48,38.8,5.63,5.31,63.2,0,3.8044377947482086,2.624668592163159,2.6602595372658615,2.2617630984737906,4.204692619390966,3.109060958860994,1,0,0,0,0,1,0
49,38.8,8.29,7.11,70.7,0,4.797442073635214,3.265759410767051,3.1135153092103742,2.5649493574615367,3.970291913552122,2.975529566236472,1,0,0,0,0,1,0
49,40.9,9.77,5.99,73.9,0,4.084294226368599,3.0492730404820207,3.3141860046725258,1.2809338454620642,3.9889840465642745,2.617395832834079,1,0,0,0,0,1,0
49,39.1,10.03,8.36,68.1,0,4.504244267398131,2.797281334830153,3.2228678461377385,1.62924053973028,4.31748811353631,2.5649493574615367,1,0,0,0,0,1,0
49,39.3,8.03,4.58,74.3,0,4.100989104940769,2.9601050959108397,2.772588722239781,1.7578579175523736,4.430816798843313,2.6026896854443837,1,0,0,0,0,1,0
49,40.5,4.95,5.1,73.2,0,3.475067230228611,2.8449093838194073,3.0155349008501706,2.501435951739211,4.330733340286331,2.766319109226186,1,0,0,0,0,1,0
49,34.9,5.3,5.88,62.5,0,3.6609942506244004,2.791165107812717,3.0155349008501706,2.0918640616783932,4.430816798843313,2.186051276738094,1,0,0,0,0,1,0
49,45.4,9.05,6.81,78.2,0,3.8480176754522337,2.72785282839839,2.8273136219290276,1.916922612182061,4.248495242049359,2.740840023925201,1,0,0,0,0,1,0
49,43.3,7.68,5.91,76.9,0,4.283586561860629,3.380994674344636,3.295836866004329,1.9740810260220096,4.356708826689592,3.0007198150650303,1,0,0,0,0,1,0
50,36.9,9.97,7.01,68.4,0,3.9435216724875173,2.803360380906535,3.122364924487357,1.1314021114911006,4.23410650459726,2.9231615807191558,1,0,0,0,0,1,0
50,47.6,9.27,6.41,73.5,0,4.359269647551265,3.2188758248682006,2.917770732084279,1.7578579175523736,4.356708826689592,3.104586678466073,1,0,0,0,0,1,0
50,42.5,9.42,6.33,68.8,0,4.31748811353631,2.4765384001174837,3.1780538303479458,1.7227665977411035,4.343805421853684,2.302585092994046,1,0,0,0,0,1,0
50,39.9,9.25,7.41,71.2,0,4.400603020246817,3.2268439945173775,3.169685580677429,1.824549292051046,4.442651256490317,3.0155349008501706,1,0,0,0,0,1,0
50,41.2,7.16,6.54,68.2,0,3.8416005411316,3.258096538021482,3.261935314328648,1.62924053973028,4.174387269895637,2.797281334830153,1,0,0,0,0,1,0
50,34.6,6.55,5.95,70.2,0,4.1588830833596715,3.246490991901174,3.4657359027997265,2.624668592163159,4.2626798770413155,3.2733640101522705,1,0,0,0,0,1,0
51,46.3,7.68,4.73,78.3,0,4.269697449699962,4.333361462692601,4.251348311031766,1.9600947840472698,4.248495242049359,3.9740583963475986,1,0,0,0,0,1,0
51,37.8,7.29,5.26,70.6,0,4.403054001865957,3.5234150143864045,3.342861804649192,1.9740810260220096,4.23410650459726,3.3357695763397,1,0,0,0,0,1,0
51,38.3,7.22,5.43,70.2,0,3.9871304779149512,2.5952547069568657,2.8622008809294686,1.5686159179138452,4.02535169073515,2.617395832834079,1,0,0,0,0,1,0
51,39.6,7.0,6.97,71.9,0,4.1666652238017265,2.8903717578961645,3.292126286607793,2.1162555148025524,4.290459441148391,2.4336133554004498,1,0,0,0,0,1,0
51,38.3,7.5,4.94,69.0,0,4.229749199228304,2.91235066461494,3.039749158970765,1.8562979903656263,4.290459441148391,2.186051276738094,1,0,0,0,0,1,0
51,43.1,7.52,6.76,71.9,0,3.9740583963475986,2.970414465569701,3.2228678461377385,2.2082744135228043,4.110873864173311,2.91235066461494,1,0,0,0,0,1,0
51,41.4,10.27,6.24,72.2,0,4.926528784799256,3.5322256440685598,3.044522437723423,1.791759469228055,4.356708826689592,4.679349584162343,1,0,0,0,0,1,0
51,41.0,8.9,6.56,72.4,0,4.409155302062135,3.586292865338835,3.535145354171894,1.824549292051046,4.2626798770413155,3.122364924487357,1,0,0,0,0,1,0
51,46.0,5.99,3.25,73.3,0,4.276666119016055,2.9496883350525844,3.2108436531709366,4.096009841541162,4.418840607796598,2.517696472610991,1,0,0,0,0,1,0
51,39.6,5.57,4.96,72.9,0,3.784189633918261,2.8507065015037334,3.0252910757955354,2.1400661634962708,4.430816798843313,4.144720769547168,1,0,0,0,0,1,0
51,47.4,10.43,6.59,71.0,0,4.773223770984341,4.144720769547168,3.4468078929142076,1.5686159179138452,4.465908118654584,4.252771798816619,1,0,0,0,0,1,0
51,43.7,9.57,6.04,75.2,0,4.131961425793407,2.9444389791664403,3.190476350346503,1.667706820558076,4.2626798770413155,2.975529566236472,1,0,0,0,0,1,0
52,45.5,8.65,6.04,70.5,0,4.37197629882038,3.265759410767051,3.3568971227655755,1.7404661748405046,4.189654742026425,3.3775875160230218,1,0,0,0,0,1,0
52,43.8,7.93,5.41,72.4,0,3.970291913552122,2.803360380906535,3.214867803470662,1.9459101490553132,4.248495242049359,2.5572273113676265,1,0,0,0,0,1,0
52,36.0,7.85,5.69,69.2,0,3.8753590210565547,3.0252910757955354,3.1570004211501135,1.9315214116032138,4.454347296253507,3.4468078929142076,1,0,0,0,0,1,0
52,41.7,9.17,4.33,77.1,0,4.08260930600368,3.173878458937465,3.3214324131932926,2.517696472610991,4.330733340286331,2.740840023925201,1,0,0,0,0,1,0
52,40.2,9.1,7.04,67.4,0,4.507557357121091,3.3250360206965914,3.0007198150650303,2.066862759472976,4.330733340286331,3.751854253275325,1,0,0,0,0,1,0
52,51.5,6.74,5.9,82.2,0,4.416428061391214,3.3068867021909143,3.0726933146901194,2.174751721484161,4.48863636973214,2.8507065015037334,1,0,0,0,0,1,0
52,36.7,10.12,6.98,66.3,0,4.484131857611035,3.563882963939251,3.459466289786131,2.928523523860541,4.290459441148391,3.2268439945173775,1,0,0,0,0,1,0
52,41.3,7.57,7.8,70.0,0,4.361823927356363,2.8678989020441064,3.1441522786722644,1.791759469228055,4.204692619390966,2.468099531471619,1,0,0,0,0,1,0
52,38.2,10.02,6.17,71.1,0,4.26689632742025,3.0204248861443626,2.917770732084279,1.308332819650179,4.189654742026425,3.597312260588446,1,0,0,0,0,1,0
53,42.4,6.6,4.26,70.9,0,4.02535169073515,3.086486636822455,3.770459441106359,2.163323025660538,4.219507705176107,2.7212954278522306,1,0,0,0,0,1,0
53,39.0,11.11,6.38,70.8,0,4.343805421853684,3.292126286607793,3.077312260546414,1.33500106673234,4.204692619390966,3.933784497209659,1,0,0,0,0,1,0
53,40.1,8.4,5.16,74.6,0,4.449685283147696,3.1780538303479458,3.139832617527748,2.0918640616783932,4.2626798770413155,4.426043520090656,1,0,0,0,0,1,0
53,43.7,10.22,6.65,76.9,0,4.446174454497633,2.9856819377004897,2.975529566236472,2.2512917986064953,4.04305126783455,2.8622008809294686,1,0,0,0,0,1,0
53,43.5,7.19,6.97,69.2,0,4.138361447638875,2.884800712846709,3.0587070727153796,2.0794415416798357,4.31748811353631,2.5877640352277083,1,0,0,0,0,1,0
53,41.1,7.87,5.48,77.3,0,4.529368472571809,2.6946271807700692,3.0252910757955354,1.4816045409242156,4.290459441148391,4.360547602996758,1,0,0,0,0,1,0
53,38.0,7.3,4.82,68.5,0,4.450852825603734,3.1986731175506815,3.0349529867072724,2.468099531471619,4.143134726391533,2.517696472610991,1,0,0,0,0,1,0
53,47.4,10.51,6.03,75.0,0,4.21803603456465,3.2308043957334744,3.5145260669691587,2.766319109226186,4.406719247264253,3.265759410767051,1,0,0,0,0,1,0
53,51.3,7.1,5.62,77.1,0,4.443827035579329,3.728100167267218,3.7977338590260183,2.322387720290225,4.143134726391533,4.3294166844015844,1,0,0,0,0,1,0
54,39.9,6.99,4.95,70.7,0,3.456316680883235,2.8903717578961645,3.0106208860477417,1.9878743481543455,4.23410650459726,2.6602595372658615,1,0,0,0,0,1,0
54,26.2,7.49,4.91,57.0,0,4.302712827954156,3.3843902633457743,3.3945083935113587,1.8718021769015913,4.07753744390572,3.353406717825807,1,0,0,0,0,1,0
54,44.5,7.74,5.55,71.9,0,3.996364153861897,2.667228206581955,2.917770732084279,1.8562979903656263,4.204692619390966,2.797281334830153,1,0,0,0,0,1,0
54,39.9,9.22,5.47,65.8,0,4.130354999745133,3.190476350346503,3.2386784521643803,1.7047480922384253,4.248495242049359,4.0809215418899605,1,0,0,0,0,1,0
54,43.3,8.04,6.77,73.3,0,4.350277936359301,3.039749158970765,3.152736022363656,2.0794415416798357,4.219507705176107,2.928523523860541,1,0,0,0,0,1,0
55,41.9,8.21,5.05,75.2,0,4.467056883858457,3.0106208860477417,3.1484533605716547,2.0794415416798357,4.276666119016055,3.5115454388310208,1,0,0,0,0,1,0
55,36.2,6.5,5.86,70.3,0,4.627909672957581,3.005682604407159,3.131136910560194,1.7749523509116738,4.204692619390966,2.5877640352277083,1,0,0,0,0,1,0
55,35.2,4.97,4.43,60.5,0,4.257030144499196,3.202746442938317,3.295836866004329,1.5686159179138452,4.248495242049359,3.414442608412176,1,0,0,0,0,1,0
55,39.9,8.43,7.67,73.3,0,4.437934266612178,2.9652730660692823,3.3463891451671604,2.1972245773362196,4.30406509320417,2.681021528714291,1,0,0,0,0,1,0
56,39.7,7.48,5.88,67.2,0,4.204692619390966,2.7212954278522306,3.0819099697950434,1.5040773967762742,4.204692619390966,2.1041341542702074,1,0,0,0,0,1,0
56,39.5,9.4,6.02,72.6,0,4.476199804691132,3.1570004211501135,3.1441522786722644,1.7404661748405046,4.204692619390966,2.6390573296152584,1,0,0,0,0,1,0
56,34.7,8.07,5.45,69.4,0,4.514150787600923,3.1654750481410856,3.1179499062782403,1.5040773967762742,4.219507705176107,2.302585092994046,1,0,0,0,0,1,0
56,36.6,6.94,5.5,71.0,0,4.637637376125593,2.6741486494265287,2.766319109226186,2.2407096892759584,4.189654742026425,2.8449093838194073,1,0,0,0,0,1,0
56,33.2,5.61,3.87,63.1,0,4.012772908528289,2.803360380906535,3.169685580677429,2.1972245773362196,4.02535169073515,3.0007198150650303,1,0,0,0,0,1,0
56,45.1,6.47,5.1,66.7,0,4.383275854074314,3.6888794541139363,3.449987545831587,1.824549292051046,4.174387269895637,4.9856593080260785,1,0,0,0,0,1,0
56,39.9,7.61,6.06,67.1,0,4.440295542797857,3.0007198150650303,3.202746442938317,1.667706820558076,4.290459441148391,2.856470206220483,1,0,0,0,0,1,0
57,48.4,8.84,5.405,76.8,0,4.558078578454241,1.252762968495368,3.703768066607687,1.1939224684724346,4.418840607796598,2.0014800002101243,1,0,0,0,0,1,0
57,41.2,10.67,8.46,75.7,0,4.436751534363128,3.5145260669691587,3.696351468952637,1.6094379124341003,4.248495242049359,3.152736022363656,1,0,0,0,0,1,0
57,42.6,8.9,5.93,74.8,0,4.062165663857866,2.772588722239781,2.990719731730447,1.840549633397487,4.127134385045092,3.104586678466073,1,0,0,0,0,1,0
57,38.6,6.45,5.1,70.9,0,4.405498990859024,3.529297384289471,3.3214324131932926,2.0149030205422647,4.0943445622221,2.509599262378372,1,0,0,0,0,1,0
57,27.3,8.96,6.66,62.5,0,4.455509411433685,2.9652730660692823,3.2733640101522705,1.1631508098056809,4.23410650459726,2.4159137783010487,1,0,0,0,0,1,0
57,37.9,6.72,5.06,69.3,0,3.937690752176724,2.580216829592325,2.9496883350525844,1.5040773967762742,4.276666119016055,2.3978952727983707,1,0,0,0,0,1,0
57,38.7,6.55,7.08,70.7,0,4.155753190350744,3.126760535960395,3.407841924380824,2.322387720290225,4.23410650459726,2.6390573296152584,1,0,0,0,0,1,0
57,48.0,8.14,6.9,73.1,0,4.05871738457895,2.2617630984737906,3.0492730404820207,1.6863989535702288,4.1588830833596715,2.760009940032921,1,0,0,0,0,1,0
57,44.7,10.47,4.9,68.5,0,4.120661870539474,2.8622008809294686,3.2308043957334744,1.6486586255873816,4.23410650459726,2.8273136219290276,1,0,0,0,0,1,0
57,42.7,12.7,6.25,71.9,0,4.157319361383489,2.501435951739211,2.8678989020441064,2.533696813957432,4.143134726391533,2.2082744135228043,1,0,0,0,0,1,0
58,35.3,6.58,5.51,70.4,0,4.526126978647638,2.7536607123542622,3.091042453358316,2.9444389791664403,4.110873864173311,2.4159137783010487,1,0,0,0,0,1,0
58,26.3,5.15,3.53,51.0,0,3.979681653901961,3.7013019741124933,4.359269647551265,1.916922612182061,3.713572066704308,3.4719664525503626,1,0,0,0,0,1,0
58,47.0,9.82,6.71,76.6,0,4.328098292648326,3.6136169696133895,3.3978584803966405,1.840549633397487,4.2626798770413155,3.4965075614664802,1,0,0,0,0,1,0
59,43.0,9.2,7.43,75.4,0,4.423648309364701,3.529297384289471,3.4339872044851463,2.1400661634962708,4.127134385045092,3.456316680883235,1,0,0,0,0,1,0
59,45.1,9.85,7.32,70.9,0,4.3694478524670215,3.295836866004329,3.5085558999826545,2.302585092994046,4.2626798770413155,2.631888840136646,1,0,0,0,0,1,0
59,40.0,9.1,6.38,71.9,0,4.239886867512759,2.653241964607215,3.0587070727153796,2.2192034840549946,4.1588830833596715,2.8507065015037334,1,0,0,0,0,1,0
60,40.5,8.6,4.9,71.7,0,4.465908118654584,3.295836866004329,3.353406717825807,1.9021075263969205,4.07753744390572,3.0492730404820207,1,0,0,0,0,1,0
60,35.8,9.05,4.56,71.8,0,4.33729074083249,3.391147045808654,3.1135153092103742,1.0986122886681098,4.2626798770413155,3.2188758248682006,1,0,0,0,0,1,0
60,52.4,8.49,5.0,77.0,0,4.490881039585964,3.9357395320454622,3.487375077903208,2.2823823856765264,4.356708826689592,3.871201010907891,1,0,0,0,0,1,0
60,40.1,9.32,6.94,76.6,0,4.403054001865957,3.572345637857985,3.4719664525503626,2.5572273113676265,4.23410650459726,3.3463891451671604,1,0,0,0,0,1,0
60,45.4,10.78,6.79,72.8,0,3.9589065913269965,2.856470206220483,2.995732273553991,2.0541237336955462,4.3694478524670215,2.6026896854443837,1,0,0,0,0,1,0
60,41.4,8.31,5.34,71.5,0,4.455509411433685,2.8094026953624978,2.975529566236472,2.3978952727983707,4.6443908991413725,2.6390573296152584,1,0,0,0,0,1,0
61,38.1,6.35,6.55,78.9,0,4.210645017918261,2.5494451709255714,3.1654750481410856,2.0541237336955462,4.189654742026425,2.740840023925201,1,0,0,0,0,1,0
61,43.4,7.52,5.81,69.9,0,3.8815637979434374,2.624668592163159,2.9069010598473755,1.8870696490323797,4.276666119016055,2.5494451709255714,1,0,0,0,0,1,0
62,36.6,9.82,7.12,67.8,0,4.42484663185681,2.954910279033736,3.2308043957334744,2.451005098112319,4.007333185232471,2.8094026953624978,1,0,0,0,0,1,0
62,35.4,9.0,7.45,65.4,0,4.1059436980654525,3.100092288878234,3.246490991901174,1.4586150226995167,4.0943445622221,2.928523523860541,1,0,0,0,0,1,0
62,44.0,6.75,4.59,74.3,0,3.8628327612373745,3.250374491927572,3.2771447329921766,2.151762203259462,4.5217885770490405,3.7013019741124933,1,0,0,0,0,1,0
63,47.6,9.24,6.08,74.5,0,4.109233174715851,3.095577608523707,3.3603753871419,2.2407096892759584,4.143134726391533,2.9601050959108397,1,0,0,0,0,1,0
63,36.1,9.44,6.88,65.0,0,4.22829253473184,2.6946271807700692,2.580216829592325,1.916922612182061,4.204692619390966,3.152736022363656,1,0,0,0,0,1,0
63,27.8,6.06,3.96,56.9,0,4.462453883786496,3.2733640101522705,3.686376323895818,1.6486586255873816,4.1588830833596715,3.8501476017100584,1,0,0,0,0,1,0
64,39.8,7.53,7.58,65.8,0,4.235554730773624,3.068052935133617,3.250374491927572,1.916922612182061,4.04305126783455,2.7212954278522306,1,0,0,0,0,1,0
64,43.0,11.69,6.0,73.4,0,3.983413001514819,3.484312288372662,3.407841924380824,1.8718021769015913,4.1588830833596715,4.141546163706395,1,0,0,0,0,1,0
65,33.0,7.46,5.76,64.2,0,4.321480134805848,2.653241964607215,2.8791984572980396,1.62924053973028,3.970291913552122,2.312535423847214,1,0,0,0,0,1,0
68,41.4,8.5,6.79,68.9,0,4.637637376125593,3.673765816303888,3.3105430133940246,2.0541237336955462,4.0943445622221,3.2108436531709366,1,0,0,0,0,1,0
70,40.0,11.46,5.08,65.3,0,4.594109238628667,2.7788192719904172,2.8273136219290276,2.0541237336955462,4.143134726391533,3.005682604407159,1,0,0,0,0,1,0
47,22.5,6.83,4.3,58.6,0,4.8283137373023015,4.388257184424518,3.8649313978942956,1.1939224684724346,5.14166355650266,5.848171377281505,0,1,0,0,0,0,1
48,24.9,3.44,5.25,47.8,0,4.769836807543325,3.9160150266976834,3.2308043957334744,1.7749523509116738,3.4011973816621555,4.430816798843313,0,1,0,0,0,0,1
49,21.6,3.75,3.01,44.8,0,3.765840495250065,2.3513752571634776,2.451005098112319,1.2237754316221157,4.174387269895637,3.686376323895818,0,1,0,0,0,0,1
55,47.3,14.8,8.08,78.3,0,4.672828834461906,5.346154695962197,4.879767018891217,0.5877866649021191,4.343805421853684,4.28496492183075,0,1,0,0,0,0,1
71,14.9,13.3,2.61,47.0,0,4.259859000699674,3.0301337002713233,4.566429357671661,2.379546134130174,2.302585092994046,2.151762203259462,0,1,0,0,0,0,1
74,20.3,4.91,3.19,47.8,0,4.442651256490317,3.169685580677429,3.784189633918261,1.9021075263969205,3.970291913552122,5.390440655423842,0,1,0,0,0,0,1
59,19.3,5.33,4.72,53.1,0,5.343290732190768,5.787817203599275,4.994505912166372,2.066862759472976,3.4965075614664802,5.692384429703832,0,1,0,0,0,1,0
38,45.0,9.58,6.0,63.0,0,4.048300623720694,2.785011242238338,3.529297384289471,2.0794415416798357,4.368181227851829,2.990719731730447,0,0,1,0,0,0,1
19,41.0,7.55,3.9,75.0,1,3.572345637857985,4.477336814478207,4.219507705176107,2.5649493574615367,4.143134726391533,4.189654742026425,0,0,1,0,0,0,1
23,47.0,7.09,3.2,70.1,0,3.0007198150650303,3.686376323895818,5.107156861086878,2.8903717578961645,4.385769620952716,4.515245478460105,0,0,1,0,0,0,1
25,42.0,6.0,4.28,70.5,0,3.6686767467964168,4.163559631243574,5.240158452374504,2.70805020110221,4.21803603456465,3.7184382563554808,0,0,1,0,0,0,1
27,45.0,8.77,3.2,74.5,0,3.349904087274605,2.4423470353692043,3.6584202466292277,2.3978952727983707,4.028916756899646,3.6082115510464816,0,0,1,0,0,0,1
29,49.0,8.79,3.6,90.0,1,3.572345637857985,3.9889840465642745,3.6888794541139363,2.772588722239781,4.382026634673881,3.6375861597263857,0,0,1,0,0,0,1
30,45.0,12.16,6.1,77.0,1,3.572345637857985,4.204692619390966,3.828641396489095,2.70805020110221,4.465908118654584,3.784189633918261,0,0,1,0,0,0,1
32,45.0,10.11,6.28,82.1,0,3.572345637857985,3.8133070324889884,4.576770711466393,2.833213344056216,4.409155302062135,3.893859034800475,0,0,1,0,0,0,1
32,41.0,13.8,5.48,71.1,0,3.5667118201397288,2.5726122302071057,4.12552017969055,1.9459101490553132,3.8372994592322094,3.529297384289471,0,0,1,0,0,0,1
34,46.0,9.71,5.37,71.6,0,3.629660094453965,2.128231705849268,3.484312288372662,2.302585092994046,4.422448549172797,3.5667118201397288,0,0,1,0,0,0,1
35,47.0,10.3,4.14,76.0,0,3.6609942506244004,2.6602595372658615,3.899950424193877,2.1972245773362196,4.251348311031766,4.237000862623624,0,0,1,0,0,0,1
36,44.0,11.42,5.73,70.9,0,3.5234150143864045,2.341805806147327,3.4965075614664802,2.70805020110221,4.242764567340374,3.728100167267218,0,0,1,0,0,0,1
38,41.0,10.23,4.89,71.1,0,3.0726933146901194,2.785011242238338,3.9982007016691985,3.2188758248682006,4.416428061391214,4.075841090657541,0,0,1,0,0,0,1
41,42.0,9.67,9.67,75.8,0,3.703768066607687,3.3141860046725258,4.364371699435161,3.7612001156935624,4.072439726834051,4.972587226458726,0,0,1,0,0,0,1
44,49.0,8.91,4.07,72.8,0,3.342861804649192,3.7184382563554808,3.4688560301359703,2.6390573296152584,4.412798293340635,3.353406717825807,0,0,1,0,0,0,1
46,48.0,16.41,4.65,72.7,0,4.102643365036796,2.533696813957432,3.6888794541139363,2.0794415416798357,4.210645017918261,5.0701612734102826,0,0,1,0,0,0,1
50,42.0,9.54,7.04,72.3,0,3.751854253275325,2.4159137783010487,3.66612246699132,2.8903717578961645,4.334672938290411,4.533674184283021,0,0,1,0,0,0,1
51,43.0,10.12,5.23,76.7,0,3.6428355156125294,3.109060958860994,4.896346147694128,1.791759469228055,4.3463994570307305,4.3489867805956814,0,0,1,0,0,0,1
56,37.0,5.75,3.09,77.3,0,4.74493212836325,3.3603753871419,5.783825182329737,4.219507705176107,4.592084946439436,5.974318388273011,0,0,1,0,0,0,1
58,43.0,5.95,6.15,65.6,0,4.6061696863211745,2.580216829592325,4.162003210695915,2.6390573296152584,4.999237249143887,6.198478716492308,0,0,1,0,0,0,1
33,43.0,6.88,5.72,78.2,0,3.4210000089583352,1.5686159179138452,2.8735646395797834,1.9459101490553132,4.091005660956586,2.5257286443082556,0,0,1,0,0,1,0
41,37.0,7.08,5.3,82.4,0,3.4719664525503626,2.2192034840549946,3.6712245188752153,2.0794415416798357,4.123903364463645,3.246490991901174,0,0,1,0,0,1,0
50,40.0,7.51,4.67,70.1,0,3.517497837358316,2.302585092994046,3.8501476017100584,2.3978952727983707,4.053522567701846,3.1484533605716547,0,0,1,0,0,1,0
61,50.0,9.48,4.62,86.0,0,3.5667118201397288,3.3463891451671604,4.748404354073999,3.1354942159291497,4.141546163706395,5.14049328135447,0,0,1,0,0,1,0
29,41.0,11.49,5.42,66.5,0,3.7864597824528,1.2237754316221157,4.436751534363128,1.9459101490553132,4.028916756899646,4.875197323201151,0,0,0,1,0,0,1
40,39.0,9.64,4.2,81.3,0,3.7864597824528,3.2108436531709366,4.751000634199631,2.4849066497880004,4.275276264727001,4.8543712716215905,0,0,0,1,0,0,1
46,45.0,6.97,4.01,73.0,0,3.32862668882732,3.1822118404966093,4.836281906951478,2.8903717578961645,4.119037174812473,4.293195420967266,0,0,0,1,0,0,1
48,49.0,7.76,4.22,72.3,0,3.832979798087693,3.0106208860477417,4.249922794040544,3.4339872044851463,4.3528552573736015,3.380994674344636,0,0,0,1,0,0,1
49,39.0,7.28,3.5,81.0,1,3.702535780561422,4.77912349311153,4.143134726391533,2.3978952727983707,4.290459441148391,4.31748811353631,0,0,0,1,0,0,1
49,46.0,10.43,5.2,82.0,1,3.702535780561422,4.74493212836325,4.330733340286331,2.833213344056216,4.290459441148391,4.0943445622221,0,0,0,1,0,0,1
50,42.0,8.74,4.7,84.0,1,3.702535780561422,5.556828061699537,4.672828834461906,2.772588722239781,4.356708826689592,4.394449154672439,0,0,0,1,0,0,1
53,46.0,8.77,4.0,76.0,1,3.702535780561422,3.5553480614894135,3.784189633918261,2.70805020110221,4.727387818712341,5.318119993844216,0,0,0,1,0,0,1
54,41.0,8.59,5.85,79.1,0,3.756538102587751,3.7495040759303713,5.241217774507464,3.091042453358316,4.5217885770490405,4.662495252607361,0,0,0,1,0,0,1
57,47.0,6.6,4.64,80.9,0,3.4242626545931514,2.4159137783010487,4.041295341132285,2.5649493574615367,4.275276264727001,4.257030144499196,0,0,0,1,0,0,1
59,44.0,9.45,4.45,69.7,0,3.56953269648137,2.2925347571405443,4.324132656254979,1.9459101490553132,4.189654742026425,4.56746831880408,0,0,0,1,0,0,1
64,38.0,7.1,4.52,66.8,0,3.6027767550605247,2.0918640616783932,3.744787086052232,2.6390573296152584,4.2626798770413155,3.9889840465642745,0,0,0,1,0,0,1
71,37.0,9.92,4.7,76.0,1,3.702535780561422,4.875197323201151,4.51085950651685,2.772588722239781,4.382026634673881,4.356708826689592,0,0,0,1,0,0,1
36,46.0,9.24,4.81,73.9,0,3.696351468952637,4.220977213155467,5.093136515607999,2.6390573296152584,4.194189897191817,4.110873864173311,0,0,0,1,0,1,0
38,40.0,8.55,4.31,76.5,0,3.708682081410116,2.766319109226186,4.247065649239764,2.4849066497880004,4.119037174812473,3.716008121502189,0,0,0,1,0,1,0
57,43.0,8.61,6.19,82.0,0,3.9721769282478934,2.2300144001592104,3.6054978451748854,2.9444389791664403,4.282206299391671,3.3638415951183864,0,0,0,1,0,1,0
68,43.0,7.29,4.89,76.1,0,3.173878458937465,1.791759469228055,3.763522997109702,2.5649493574615367,4.405498990859024,2.5572273113676265,0,0,0,1,0,1,0
49,39.0,10.21,3.1,79.0,1,3.702535780561422,3.8501476017100584,3.6888794541139363,2.302585092994046,4.499809670330265,3.9889840465642745,0,0,0,1,0,1,0
51,37.0,3.99,4.2,72.0,1,3.702535780561422,5.10594547390058,4.2626798770413155,2.302585092994046,4.219507705176107,3.784189633918261,0,0,0,1,0,1,0
56,39.0,7.75,5.0,78.0,1,3.702535780561422,3.7612001156935624,3.5553480614894135,2.3978952727983707,4.394449154672439,4.442651256490317,0,0,0,1,0,1,0
75,36.0,6.65,4.58,72.0,1,3.702535780561422,4.74493212836325,4.836281906951478,2.70805020110221,4.060443010546419,5.181783550292085,0,0,0,1,0,1,0
38,44.0,4.37,3.2,77.0,1,4.395066248181685,4.553876891600541,4.110873864173311,2.5649493574615367,4.127134385045092,4.605170185988092,0,0,0,0,1,0,1
39,34.0,3.65,4.82,57.5,0,4.933034048072704,1.7578579175523736,3.6000482404073204,2.302585092994046,6.253828811575473,4.900820428089049,0,0,0,0,1,0,1
41,31.0,1.8,5.34,71.8,0,4.457829598089382,1.7578579175523736,4.11414718951828,5.303304908059076,4.676560182074764,5.0238805208462765,0,0,0,0,1,0,1
42,36.0,3.61,3.93,68.6,0,4.257030144499196,2.766319109226186,5.576327819303087,3.713572066704308,3.92395157629342,4.127134385045092,0,0,0,0,1,0,1
45,29.0,1.73,3.71,70.0,0,2.509599262378372,2.0918640616783932,4.633757642840004,3.4657359027997265,4.3528552573736015,4.198704577546343,0,0,0,0,1,0,1
46,20.0,1.48,3.87,70.0,1,4.395066248181685,4.143134726391533,4.736198448394496,5.541263545158426,4.74493212836325,4.9344739331306915,0,0,0,0,1,0,1
46,35.0,7.1,4.1,69.1,0,4.7059200890882344,1.1939224684724346,3.005682604407159,2.4849066497880004,6.984808908424428,4.669083511731744,0,0,0,0,1,0,1
47,42.0,6.29,5.5,79.0,1,4.395066248181685,5.075173815233827,4.634728988229636,2.4849066497880004,4.07753744390572,5.308267697401205,0,0,0,0,1,0,1
51,39.0,2.0,3.6,79.4,0,4.204692619390966,3.4210000089583352,5.225746673713202,2.995732273553991,4.08260930600368,5.992713766508414,0,0,0,0,1,0,1
51,33.0,4.02,4.08,62.3,0,3.4210000089583352,1.7047480922384253,4.213607983048918,4.5217885770490405,4.3425058765115985,3.3843902633457743,0,0,0,0,1,0,1
56,27.0,1.42,3.54,65.3,0,4.407938016458383,2.8903717578961645,5.77081787599236,3.6375861597263857,4.21803603456465,4.550714000192032,0,0,0,0,1,0,1
56,23.0,1.8,2.4,62.8,0,4.669083511731744,1.8082887711792655,4.820281565605037,3.784189633918261,4.154184562578117,3.6082115510464816,0,0,0,0,1,0,1
56,30.0,1.88,1.43,54.2,0,3.7232808808312687,0.6418538861723948,4.398146016553765,4.787491742782046,4.385769620952716,2.9231615807191558,0,0,0,0,1,0,1
58,31.0,3.29,3.92,78.1,0,4.970507503005476,2.0794415416798357,5.20839265902005,4.07753744390572,4.210645017918261,5.615679593101228,0,0,0,0,1,0,1
59,36.0,2.29,3.68,74.8,0,3.9259259105971376,1.824549292051046,4.7104306966455844,3.6375861597263857,4.7808027546312495,4.05871738457895,0,0,0,0,1,0,1
59,27.0,2.47,3.61,60.6,0,4.314817884980432,1.6094379124341003,4.192680462942962,5.3471075307174685,4.286341384539473,3.3843902633457743,0,0,0,0,1,0,1
59,31.0,1.57,3.51,68.5,0,4.469350462845557,1.8562979903656263,4.5685062016165,4.770684624465665,4.119037174812473,4.000033882750859,0,0,0,0,1,0,1
61,39.0,5.38,4.88,73.4,0,4.6434288981051814,3.342861804649192,4.971201224850849,2.772588722239781,4.294560608892605,5.994709277272871,0,0,0,0,1,0,1
65,33.0,7.5,3.87,79.0,1,4.395066248181685,3.713572066704308,4.007333185232471,2.6390573296152584,4.2626798770413155,4.68213122712422,0,0,0,0,1,0,1
74,23.0,2.5,3.29,57.1,0,3.55820113047182,1.1314021114911006,4.515245478460105,3.1354942159291497,3.9512437185814275,3.86702563949741,0,0,0,0,1,0,1
42,33.0,1.72,5.16,69.9,0,4.382026634673881,1.547562508716013,4.037774210733707,5.303304908059076,4.500920164614292,4.9924713234685845,0,0,0,0,1,1,0
49,33.0,6.92,3.82,58.5,0,5.255931650051599,0.7884573603642702,3.6189933266497696,2.0794415416798357,6.188058763188655,4.727387818712341,0,0,0,0,1,1,0
52,39.0,6.33,3.78,82.7,0,3.6375861597263857,0.832909122935104,3.4468078929142076,3.091042453358316,5.0701612734102826,4.966335035199676,0,0,0,0,1,1,0
58,34.0,6.26,3.98,80.6,0,3.858622228701031,2.772588722239781,5.017279836814924,2.1972245773362196,4.04305126783455,3.9259259105971376,0,0,0,0,1,1,0
59,39.0,5.77,4.51,70.5,0,3.9569963710708773,3.0252910757955354,5.658785108725465,3.713572066704308,4.920710586568268,4.625952725170619,0,0,0,0,1,1,0
62,32.0,5.57,6.3,68.5,0,6.034524036568429,1.9315214116032138,4.712229258281499,3.9318256327243257,4.037774210733707,6.479891175930494,0,0,0,0,1,1,0
64,24.0,1.54,3.02,71.3,0,4.642465970731788,1.3609765531356006,3.8155121050473024,3.044522437723423,4.1588830833596715,3.6082115510464816,0,0,0,0,1,1,0
64,29.0,1.66,3.63,82.0,0,4.480740107609915,1.5040773967762742,4.605170185988092,3.8918202981106265,4.215086179918229,4.177459468932607,0,0,0,0,1,1,0
46,33.0,3.56,4.2,71.0,1,4.395066248181685,3.6888794541139363,4.143134726391533,3.044522437723423,3.970291913552122,3.9318256327243257,0,0,0,0,1,1,0
59,36.0,9.07,5.3,68.0,1,4.395066248181685,4.61512051684126,4.394449154672439,2.5649493574615367,4.219507705176107,3.5553480614894135,0,0,0,0,1,1,0
